DEPTH,GR,RHOB,NPHI,DT,PHIT,PERM
2680.098911678716,99.08643091659061,2.610978332665889,0.24911127484006831,85.46030991279588,33.35636830494966,5.562577063005408
1909.4204114297204,65.37225369039831,2.263024932110271,0.29806770929260057,91.9095638330067,38.0,18.883518744094953
2874.7752157961795,111.20155656941564,2.5049688765045115,0.2882683184051274,91.66721137997469,38.0,39.70718033068357
2503.946466836537,87.50644384227581,2.5665132442139202,0.32313537369877177,80.97570468430962,38.0,11.580754868653258
1116.607900141594,50.08210733973012,2.3058653747870403,0.30144317458557535,92.1295459244866,38.0,22.333424712308986
3143.9314087645384,51.49749291644273,2.324293313555455,0.16181677076986112,71.66816412329852,33.31516109772453,2.162909210739389
2650.621314577812,95.44763415437612,2.6340334987626406,0.23896935121894025,55.14464979139764,28.939590621499907,3.0557599471959422
2707.9479021369934,53.83551491536625,2.3190689224057714,0.17435298977339497,57.50284463384637,37.151005156833286,31.915621401494604
1194.6613551537555,80.58341612656346,2.3934806724550217,0.1824463448878756,59.379493028032606,35.64338772983573,22.065214228069436
1935.8876571598043,119.34195807429685,2.394632016959065,0.3329860923074991,58.81413812731441,38.0,24.515028785628083
1752.8354557349369,40.32060837866716,2.313865637468358,0.2704739762667684,69.06809563401053,38.0,9.619402905690501
3031.559474351784,41.326384151804554,2.5491059888966907,0.34364760331277644,83.05083228437431,38.0,8.80619623217133
2380.8897761855287,119.44676655444053,2.5473322044531197,0.2042281341796861,86.6259522640198,34.87410878366858,2.1666905769003972
2792.351710522909,86.77110673073324,2.3702431064007037,0.23435939333849412,78.60853097378498,38.0,8.647746924223338
1919.8526573028616,50.15279804148105,2.57580660598633,0.22177885497910543,60.857446982279185,31.960093118441574,3.316137934005991
1422.6490601049868,111.78417598032749,2.295883720479551,0.12682176438093173,84.91606408592702,36.25001610137654,16.104992174997708
2175.54501013642,110.43042401021538,2.2019375990504555,0.15917549863165084,69.19207676550396,38.0,33.87889912729728
1046.7796890396032,82.89603304891003,2.4570253129250834,0.23190909015112052,55.51973394687185,38.0,41.541968675883844
2803.551695582939,89.74336238886053,2.6473349976035703,0.11684357628325157,66.22354482130997,26.381327239332276,2.2495843458693945
2352.828117980749,61.85497532007011,2.217389939422098,0.3328654823272223,68.22402216563911,38.0,4.837941626034682
2643.60180219636,44.04157570976041,2.2935991331688075,0.1309609204858427,65.96982140872412,31.383969919620597,3.65517841603752
1715.4097266986973,87.56540871126916,2.433511589119188,0.14949518660422678,87.47480612750343,30.83846953211986,4.414667203685692
3132.6054561082774,63.58041545622104,2.5644733314001917,0.29133030598465914,85.39705590376361,37.931911650341696,10.215389111831644
2954.1785790410545,93.08968373282815,2.2400689022837743,0.12423363544732843,82.82208121650567,37.74491939800605,15.301747316506892
2690.2820432696526,106.8996141474081,2.3778555941915025,0.3250695249038523,60.560203140490614,38.0,158.43099261084387
1347.6690280595253,41.452843513149126,2.5361841102834486,0.28142524268063385,87.31335638825128,38.0,1.280490193315782
1973.4583085721786,87.6571019748582,2.367194443782863,0.11715521427721473,82.08703846653295,32.89811486977223,5.864189427024822
1000.7486613106262,58.50244317494818,2.284976389214038,0.2729617653214132,62.79350745925568,38.0,10.634776970206635
1254.86583175536,109.91107983230411,2.2879731223284643,0.2579071355428294,80.92375721126066,38.0,14.65172525694508
2471.012592457646,60.29316052494628,2.3845219541117473,0.28933735818497963,74.34046564014724,38.0,22.76587387260899
2612.952958587979,88.86161065883346,2.415737683662651,0.30704946312233394,72.574002474249,38.0,35.936276226157645
3125.272384598683,84.28326720716892,2.5878164880172063,0.27958764079328874,59.48492653889555,38.0,16.502586627587785
1649.3983237177495,71.69332000473992,2.489013588355597,0.24654407381774296,75.73217103380662,38.0,10.934797521624251
1752.0573238801985,94.20966108798353,2.5106808795319755,0.18061582964544443,58.99727235889455,32.39803450956422,7.627018720982128
1979.9783659343582,98.0615707772347,2.642344227191158,0.27431841545748226,61.570135490170664,35.04802569405444,12.623478247797712
1335.784125893857,85.35502362555094,2.3853295481354384,0.3392428961576949,60.301852570990505,38.0,16.42137917309119
1198.8194622715848,100.67377897478033,2.381509481462108,0.24688044513221855,93.1643311628003,38.0,19.93382064037513
1994.1213303196475,118.67336607943501,2.6155061354766156,0.26608621710856345,66.3945876177556,37.07312967849836,34.10855069711386
1421.8915028170336,73.54179103206441,2.3106440141522766,0.20928201054995016,69.20817294384031,38.0,25.82013751551356
2440.572187769774,81.16664415084247,2.52841686083629,0.2890302024357686,67.88322425184144,36.429548449377926,4.664557951219044
1905.4494134063607,40.99759023529706,2.5395579121981604,0.34941684808465895,90.93001780712575,38.0,3.3132053743064653
2815.159850933026,103.68228450483028,2.2440045988504496,0.14009733101693403,77.51863645339554,36.92160305880745,5.03488064554539
2510.609734605173,81.6184053636795,2.410704132562113,0.15060131987594058,91.76639595733246,31.60133881420383,11.702537730644686
1618.4432751786944,72.63691442884522,2.2902531120946996,0.23485943966609735,66.99699623311582,38.0,16.932008118944577
2814.1975432089625,47.525757047151664,2.2834188727611187,0.22034384931541456,59.59338697727796,38.0,13.09331713027869
2750.9580222426443,111.17251373403178,2.4087226497082943,0.24289244612667968,77.24873810896699,38.0,8.893152229146688
1791.2002717694013,71.60057920324451,2.330243368378629,0.11226851193106827,68.8214796716007,32.56741757228699,23.837225597348624
1563.1546390395615,94.60652785673763,2.558227201431642,0.20106911408261224,87.07627333962994,28.521444487225,2.7558496429613784
2469.7396591424435,51.94993250945206,2.608422201125717,0.24574456551639018,90.17693635646634,33.858399298703524,5.553406234196307
1221.4307123014125,116.9239703632826,2.5612242723797647,0.24629783782624065,73.90294043628288,38.0,62.29115650956624
1359.7888656927491,54.27534094574647,2.3197138926797494,0.26433349044209337,93.85436096342033,38.0,4.454098459422734
916.9332204273127,55.96335943195923,2.323360477159874,0.2800540072506659,77.12052025377623,38.0,6.553802504133049
2709.9260682549184,108.7186288446171,2.3146277575528607,0.26038680083521415,65.8368157354525,38.0,31.078435767194765
2429.1569701616736,113.00661953135449,2.2607671432253063,0.2975607888473587,74.55902061377098,38.0,291.1846872468515
2521.880370840571,56.97179260186411,2.62470926564667,0.2561901586711479,56.4924116961171,37.45153097617076,12.099715785649781
2695.676771350526,77.58407105398624,2.3809215091706815,0.2343769156343011,87.16004641052271,38.0,55.32213997245705
1955.506283738182,98.6795923650264,2.3011102635456435,0.2515491072219527,59.05740203417684,38.0,59.07753140634638
2208.1047506916557,110.26925870486413,2.5810019727287097,0.1252983416883331,67.3499395401202,24.844908707091037,4.467876828851893
1221.5330956936123,70.32421560298442,2.3796378861960057,0.16828913518138,77.61266188019773,33.18375743007339,2.749401877226759
1163.419169132739,81.36155894795434,2.21580256499935,0.23184994516453278,56.71900502587596,38.0,38.17739007655419
2437.3268121180845,99.3373128415788,2.272873706612334,0.31824680385042675,58.17267596725793,38.0,6.766434515756755
1983.5212741292048,98.49087813222363,2.4876626531602763,0.26976288907199825,82.84465430452052,38.0,80.95306908732421
2200.0430449067344,102.6368104020868,2.5523073733772756,0.1226020196179744,57.87108372243075,23.495556941422176,2.7276291746049557
2659.4973720568587,85.59470549132212,2.294920474819921,0.24806873761110107,74.08331464989506,38.0,2.0757708189557484
2359.8521360013588,48.36920774438202,2.612828015169764,0.15543449690927474,68.54782533683002,29.002980858981857,1.5775574677680497
2173.2326215133903,112.31786327024321,2.5829487040234738,0.2835041399471807,64.12317631825665,38.0,48.688303642912956
2186.176469714451,109.24580314568226,2.5817713393274864,0.3068602131271868,62.55115591454662,38.0,22.43923617614965
1599.0852255440082,103.84779486546664,2.3024475160596465,0.24836406814749332,85.53645174930318,38.0,43.75567549045679
970.8810195062606,47.98899817285836,2.222741194892526,0.2478406524379274,93.0616877260113,38.0,4.429997964607322
1904.4499952344336,56.35178936651434,2.5903405927671628,0.1846478608027035,60.60718968813327,30.721601726772956,1.107216643308768
1393.544747484917,99.48802920861215,2.3376101029323553,0.21156250529032733,93.38724876696509,38.0,21.42389063113564
1839.6158805666632,41.851207566555715,2.478512371528087,0.3160270884538363,78.79050013900415,38.0,8.051144921916762
2862.8270685167818,118.33797069658237,2.5419850976653287,0.2808300827417891,80.66641621453029,38.0,24.253210866382787
1438.0608174902836,70.17157442845445,2.257731966330004,0.22993841492396075,83.39705512570328,38.0,35.55694964951008
1034.0963058848517,97.54500269526588,2.5513772595335715,0.19205809656209272,83.16475561418324,32.099887658227175,4.263630657603919
1547.182951650592,111.00568707904347,2.6223301565324797,0.1125949345721386,87.79244432742753,21.321851752865317,2.455743944979689
1575.2656428633722,71.57039105200658,2.527768734585884,0.13575185033159629,74.3387460539079,27.100450084660068,2.47391129965305
2422.407983871859,65.53059908797329,2.3985502368162512,0.14825629738484267,76.33434350058805,32.00088325154559,1.316606627992889
2181.1739503849403,88.69929031185974,2.5945051624382662,0.19334588581466866,67.95308009853663,29.129248311794353,1.538087844818192
2702.965880944751,86.47914989984406,2.4373559335326513,0.33603591176906866,59.21030375132468,38.0,18.030262719471715
2427.9211427529913,72.73119820998377,2.5351469175175394,0.22628834871468714,81.58560763704877,38.0,68.43363123775404
1834.6897813121623,88.14198046941668,2.569227674736372,0.15871004081480777,56.34439876745004,27.574480055136902,5.471342245465118
2772.2468847318796,114.83050956531957,2.537208787764553,0.12643753436537852,66.02540204333474,28.819161692433816,1.7061342689961216
1284.037715787719,77.41122053012772,2.3295346942216693,0.184576381150741,58.76919457784401,35.72406953685855,0.8536971056984464
952.2377682078791,55.739374460050506,2.253029755407624,0.3039326588877642,62.629086292908724,38.0,18.301376403756663
1107.110079783976,70.1764786306403,2.307252338212927,0.19583569835262699,80.54923651589523,38.0,12.238751308847663
2561.426506371836,71.5285586074495,2.426293721641159,0.29312645150560335,80.13906520819673,38.0,34.01508481481245
1962.317629578191,50.48869544209759,2.4273746150318933,0.30067624403171966,71.84219651982849,38.0,4.5254137417694595
1270.9250917772843,53.029720044364396,2.462189957191542,0.12770519242467604,58.60687905957965,32.75141515978074,5.4879632667189835
2052.4029827377362,94.76496587149418,2.377795826896551,0.25216493815669594,72.33495665837634,38.0,41.14153004979635
1250.3178362402873,67.15822033671222,2.5541011216525122,0.33977401584277767,69.10979487433174,38.0,8.722751282320255
2501.536862678793,116.3918713484646,2.6109191876562434,0.20053451872588846,83.81836611423799,28.94120853241552,5.103752650563186
1926.1594338202706,59.487739628688594,2.311026274065762,0.11273602225075557,78.16106432796207,33.68450006991156,5.529156884584702
1776.3488200219097,47.91396040838578,2.5314354479658494,0.3308256725644696,74.66263069347995,38.0,13.590905869512591
1593.477805040116,100.28036504002063,2.50508733364527,0.3209165703931207,74.47928329219981,38.0,22.762817619282078
2349.6499641734435,110.48288415342961,2.435390724675692,0.23053536180225043,93.65187549041676,38.0,60.92026606841486
1732.169004272798,62.24906854971903,2.2848386052433725,0.2380632800860024,85.25176886813802,38.0,7.876172733640633
1101.5948144270324,56.16704813163824,2.557854516362219,0.15293527569403123,74.87918241840511,28.921900791947714,0.8108324453015867
1171.4135748771853,54.861290789686976,2.6322818285329745,0.3048626888861593,74.1689045155591,38.0,49.07176797265361
3112.3646284638835,81.76098410932099,2.524826349505126,0.2246500095980316,56.05916405219854,37.469778114784305,9.23316364976986
2989.7355886274963,77.47333129974167,2.61303699848158,0.10846944878563913,92.70037053279226,22.5545592819175,0.793690296666257
2509.326407764724,60.75518718836274,2.6428833692266,0.2707537391122494,67.76695887069319,38.0,10.544119884831222
1511.500911356895,43.61384935915411,2.3584228034076573,0.3376240674506765,65.23756327522975,38.0,8.55902279952899
3129.1056678997647,78.51930722610246,2.4872005988168517,0.30728762258643755,94.97635701550686,38.0,11.293152243869105
2691.1270791213274,116.74658781084867,2.413269731937135,0.16929953505263495,83.74758686018097,36.562472858421415,24.3918049570396
2548.8474350656898,92.20153606021306,2.6439829360884533,0.11333127123333517,56.89455093197152,28.523278091893328,4.171814352669866
1933.5314549307138,79.64052453028947,2.2422135208034764,0.33508785313454514,57.475419081023055,38.0,18.126375009527013
1526.1555922438656,48.85536592236929,2.385568711433751,0.33426568121992534,56.020062558407915,38.0,1.3357411847619838
1121.6992129530483,60.19490324396698,2.593992570037256,0.23310382992821732,78.98475598051476,38.0,50.10325411343976
2975.985512050836,63.58191596596342,2.327823089736932,0.26057935291788376,57.86258000247807,38.0,10.401702252552473
1948.2854666173055,101.18428420857875,2.5545067827874925,0.21565001517770205,92.33553427379722,33.98920076124289,19.585571280601485
1365.4357390290297,110.13686378116955,2.372252423251115,0.20494134177468964,92.47626160090712,38.0,9.094094037438554
1603.7002355465006,112.13134828531507,2.640990342950571,0.1298621089821751,76.8421626699232,26.113089180376853,2.8848081576184206
2232.2050085663604,118.76548866006033,2.5975884263906686,0.12418822459027401,79.66555725583802,27.228543998115757,3.317503853025847
1306.5774007602329,118.5893346483626,2.335594160948177,0.15818303666904687,66.67577606101,32.644647422480496,44.488044280606864
2870.2128534124636,116.23993062143852,2.546586901092035,0.309160186601636,57.558901696330935,38.0,19.2701316896336
2644.594918620983,45.74577124023075,2.351585444724971,0.13645807518392,84.49841780767262,31.644514640760708,5.577122582777978
2554.7647986871543,51.02348287422441,2.472863278096991,0.1566746629786777,59.0714395499607,29.83498090384017,1.4756704062335908
1893.8139914827384,64.35732211808264,2.4963163457769815,0.23715351483055186,58.42230564073573,36.45447053519676,6.430650186312514
2342.810333615619,84.23186032515692,2.5733179340885672,0.1537828045195686,67.44892436816895,30.924846425151504,4.49419150553379
2243.425328499292,47.758231096438344,2.211002878396907,0.14080167117944678,55.49862639351528,37.53963924342602,22.865799455970432
2394.647183576086,107.6637566241714,2.299071051018535,0.24082906042449054,72.36142463025264,38.0,5.752566162152117
1094.2219386217448,89.34049432618473,2.5203630147648606,0.19202331774915388,83.30723640320306,30.756826502946616,2.0287081105589237
1856.357024992402,83.3891521841764,2.453585456636292,0.2565398214601173,87.05395725687757,38.0,3.512015382901629
995.7125998823527,53.22490586938329,2.4230222851905143,0.32805133510216905,79.17229215195685,38.0,4.0287795599707135
2036.1788842623935,60.26043795201579,2.224844480518591,0.13774828285876692,88.8749681245565,38.0,5.728270073841419
1658.6807883654062,52.82496199858065,2.3567241475576552,0.32835841495326595,71.26008815068441,38.0,2.6153586740465715
1232.4056343919078,108.15465262358389,2.589295104359792,0.32562249185572967,88.95088340241907,38.0,14.732807340912915
1137.8268257618688,86.73822880489746,2.213901776666215,0.3072718958339757,75.25893241993518,38.0,3.537983165518546
2251.582516008738,98.81035420157068,2.3783963059141655,0.2578214793265213,63.92144511993181,38.0,9.867037534942552
1292.3638276348381,63.682629032802055,2.6253167294518476,0.25503666436638683,92.76582586641864,34.32562743737751,17.076627019510283
3027.7762722666334,69.70021096706218,2.222896330545257,0.25980316498412537,65.99883495348466,38.0,18.149201079903253
2236.4406213109087,72.3883971541227,2.5373675879700865,0.27262388780445324,56.048059367511726,38.0,16.022152552648812
1697.8005504301252,100.80119773952279,2.3159256772819163,0.10412055014903926,64.70696171820107,31.855168618944308,3.848565572539686
2259.1056304072586,101.78823901396544,2.5899739744691526,0.33952314479016243,69.6675024502971,38.0,6.865563312342242
952.4489033683043,56.54508220112254,2.5357305905317142,0.24640094036639493,69.05398733157057,34.15030043139167,2.208905117583309
3104.6861904553243,115.32310853904792,2.598567326886263,0.2953664598506054,75.98670037774286,37.57990016183459,27.419178587165057
2009.2979049686705,49.65242699549491,2.29716615569407,0.1943204597653408,90.32507528143694,38.0,18.242371211035397
2700.2910226756585,111.68976659389043,2.439081739668372,0.103099303478949,66.69352908438796,28.447520267027826,12.60878233099814
1090.2789998216087,48.031651651984745,2.5506714746086603,0.22743366496911097,75.83082431836675,34.42673973748243,8.219384966305698
2019.3141609277689,61.16318489210489,2.3105648843477415,0.22679752982898221,68.60555814753917,38.0,6.182449487268654
2028.626087015398,107.71828288543657,2.3038358373702477,0.20924732207786295,87.87092237492801,38.0,26.93634739266423
3057.0008464424604,54.359365787687,2.2122319600739133,0.1849292635405192,61.304060531539136,38.0,7.627900876036098
2214.9745204649735,73.08543450479759,2.6313318822889533,0.16245652195243052,59.14041073240234,28.23773296963826,2.459848537352417
1989.0256224309937,75.9887439955301,2.5195075960245807,0.23188621862429568,75.11981012950407,38.0,76.01594798450225
1514.0440251113553,59.620717841856774,2.4860021593045833,0.1938195349233735,81.87550343061967,33.52083315721648,1.2785684418291106
1662.60869388787,96.81961610687893,2.5347976252127458,0.34248297076245215,86.82100804363066,38.0,17.88216275404114
2097.546525684537,108.1067719521763,2.4392258134129476,0.14323182694173286,78.58499411621266,33.01070678898718,31.602087292316536
1909.4963587016073,109.96601118844575,2.414260219490685,0.17991639190677172,85.95399045276002,37.837664335501785,8.22815699873924
949.70778372476,67.14577165892487,2.4022895085055844,0.17349011773114276,70.70840234243695,37.268149499922195,6.616450068649033
2800.471425647023,82.46803154302515,2.488197645446639,0.23582729405898922,56.31470681065876,38.0,10.828811108422022
2961.1697752314635,59.872512309252116,2.2906907389265725,0.22482006424353695,59.64397231606226,38.0,9.137527473678116
1222.5729046968047,59.583720124011634,2.5996264127566913,0.26093511635606825,56.548904049159844,37.828349299583216,2.9246183872388
2174.2831301398137,52.90032502815393,2.565288567048669,0.33750044264355195,68.1577460190597,38.0,15.543639719234534
1149.7242046115202,115.20152086460118,2.357303625153415,0.17130527137346685,74.81965365074728,34.87784331282893,31.35174713337914
2446.152213991567,111.03910628844639,2.460374183565636,0.2731928923137491,69.25269934627758,38.0,42.29063576670866
1546.837702829719,102.18869706621538,2.2634622849775066,0.10626005075129591,77.42397900265568,34.25783644882182,6.4703435696925204
2416.672059791374,81.41292170301833,2.637555811570119,0.1655971181834061,74.2243659397115,29.60792236561257,4.509586440732628
2572.08761285983,79.24863324094974,2.6063017094336276,0.21592993199914817,82.11771207455762,31.368511140994137,2.6000443857935855
2667.889231410611,82.37965329459983,2.61485387792464,0.10774869712028362,81.67848654253625,24.35868957072025,1.4051952240055692
1147.8041756985622,82.92544108616714,2.349473371466553,0.25441736513840973,67.72256588434718,38.0,94.86746662934476
3006.827243816498,74.76504677581522,2.276110618322285,0.26957765210042706,68.84857821444366,38.0,15.545824349927525
1429.492179058226,50.540386631365394,2.29529747355984,0.2866829287095116,78.40591286565214,38.0,3.537437630635436
986.0488792052136,50.05310822948288,2.2405006259702906,0.22914362621075304,78.85729871563368,38.0,10.557041652835073
2176.1606796004116,116.17997726765466,2.2540497835456232,0.25098616624465664,67.58799654548532,38.0,10.38272243496329
1753.121252883609,78.56246076690805,2.2320870403831807,0.1990163128196218,68.212715431017,38.0,5.872811327797768
2808.51640920455,116.25644199241512,2.645420381142193,0.11031325812664064,82.76180052744589,20.8952412272536,0.847862298777807
2758.978385747894,53.0861502168088,2.233325957516083,0.12498796394362827,80.89643291504278,34.03666471496889,3.562438892555426
1629.4194534922453,84.35332416319469,2.2596439364281364,0.26374898105036604,60.40203218719099,38.0,36.539764313104605
3091.6686086604136,56.61738026812314,2.5722645680158314,0.348888824896444,72.64167518701574,38.0,16.420198823254758
1569.1110277222729,60.25476849012812,2.4611080975343245,0.10395080979082405,90.7082431484236,27.3597095294635,3.021803221586019
2084.6313972329435,42.4043663008943,2.5484877420561993,0.23939587420659567,56.45222704417901,35.575994683921564,2.212742922507336
1488.7197083054862,49.5162648592169,2.4839104034976947,0.2877521882206394,89.20655785936854,38.0,5.843460254884949
3052.9002111126156,113.34787261033566,2.5969787816480263,0.30669370700346965,61.527126282565746,38.0,36.47399786038741
1278.5979804386418,65.72263931858654,2.487310387494133,0.23630122530566,75.28994529846864,38.0,7.342925461217054
1003.2944246023567,88.65033695316733,2.434956291806418,0.2549789950460263,71.97345715692046,38.0,14.851640958434563
1900.7232380069872,77.20113055914183,2.520737362192585,0.27418123631863833,55.40517349365835,38.0,21.48248844462099
3182.4637973284252,72.03609961962226,2.4013267383064494,0.3147415624233576,91.61587748358528,38.0,10.332807975119207
2950.857712386302,82.55088730768546,2.355728720307131,0.13057238430070467,73.19700909337223,31.233974612909588,6.697399070799681
2621.7984447509834,54.97911556922732,2.410443603602596,0.3315455490687158,93.17073107042461,38.0,36.081774182880025
2948.8227290206073,119.08831188156613,2.2763713472943525,0.10650435088789251,66.46975603916871,32.36713068774628,11.43549750695668
2954.9272713050855,105.46462949630904,2.558457278411211,0.3090499377394438,89.6510309366389,38.0,65.53680563393392
2093.374228888833,99.32917061852123,2.3173167016011753,0.11918510663992432,91.89558295982522,38.0,35.51508745968038
1626.636819210824,77.5007437611162,2.2690891958516715,0.14865705290123057,77.27329665483123,37.1994726057501,4.0778789967013775
2675.6285938552724,52.230169770106876,2.3108585088024522,0.10097353659528316,63.1071115147087,30.196687051941502,1.1113772220151135
2421.8209052858506,113.65326866188542,2.578931568297508,0.21131417638401018,82.4098972842288,30.82795434979588,4.736138506883422
1759.4127764095333,67.31096539053821,2.348590583018979,0.18358980667934804,76.95912266117841,38.0,6.299346565510084
1117.2733365414852,44.0085351757547,2.508722441277655,0.14149822787175684,92.78118663410504,25.67430266468816,1.0415210619296824
2617.6161061027597,67.3922941448503,2.5853843337950826,0.21277254020097658,72.57088247241967,35.10954855755124,12.939937211701995
1503.6591866225888,103.55656243967076,2.234985100116269,0.20059272079304596,65.74054590559288,38.0,67.26016763126385
3054.670246227692,89.81669959905665,2.5442609823301194,0.29191525817468533,60.531480059764284,38.0,24.344164715405267
1454.232322513075,100.06708677958878,2.3384494598705636,0.3232825765175081,82.94534274746718,38.0,16.01580784664405
1182.3432445464177,103.49083070899019,2.2974800638828192,0.2631418129417704,93.9643847592233,38.0,4.561862703983403
2811.559145887284,56.95636888644341,2.5100056536038373,0.13110259718163098,56.13375082285594,29.63626958283369,2.8503367564791544
1252.5539282363363,113.90266528745441,2.609408480229955,0.17384769867746264,84.61781419112506,28.042647551997362,6.070524535153682
1312.3171087627998,75.03916823362981,2.332758643920578,0.32832957420806996,92.07721450238667,38.0,16.762485284792234
2278.5804204979404,91.12109194113316,2.4559752124229437,0.1221836232519723,57.991261369093976,29.060495004646853,25.141286090802197
2911.4926939261686,40.18470180693936,2.3304253512322712,0.20171395984770663,59.406801804245326,38.0,20.68647085361665
1351.7997311435183,119.46947987289424,2.4494285135768927,0.3356261548083703,82.67828393798834,38.0,61.73438987914038
1613.744447670218,62.47171087713241,2.4798379137944533,0.33766621036737143,80.91853503583152,38.0,5.285020685773284
2688.0311279547086,44.96504852321242,2.474650924955581,0.20280079426222308,57.75309661264983,38.0,5.497588457205637
3135.200779940225,76.66096332292112,2.4805958663392356,0.2668492220246993,88.37691008604625,38.0,13.806770125242059
2051.7047282653875,50.322404574563336,2.260785906497886,0.21418639958849972,75.93695391379569,38.0,4.911190080465926
1230.9642558678768,52.18613681260606,2.5120932113140237,0.28836513485908544,91.2878949334645,38.0,14.2118847920856
932.0534617288636,90.58262504241682,2.5036376603711004,0.10789533267324963,90.11963523970817,25.927454368879864,3.668604575558304
1428.208868997367,71.43419132561866,2.5071646549975974,0.13603928723033962,87.50031076200662,31.05644643497294,1.8387261538862623
1203.1911009089984,113.7481960123996,2.233331748732418,0.2535497008858998,75.63595584977685,38.0,77.42325330056556
2458.6149493095722,65.5325195686456,2.4010774790863687,0.1581380656107659,65.06842566997729,32.75692195067394,5.6630879954452515
1180.2147606456215,98.09441027071209,2.384065809420578,0.26651307481728714,75.2390201564453,38.0,5.490101590058083
2064.558842727456,76.88795441239262,2.2390201676394397,0.18780573186532457,59.032455112071204,38.0,14.359312095693566
2496.8036019786387,92.79610409034231,2.300065567553565,0.32166138953195533,81.35384593893704,38.0,25.16466146484832
2236.568201208075,87.97562853727923,2.3984331843091167,0.30481484638999656,60.35908876916031,38.0,40.20521184542574
1359.4839988181325,77.82271782071986,2.534307839436137,0.22320945001719555,75.44691850002891,34.32489214215958,6.415159392481828
2749.486410219204,116.00488756995497,2.3066779346430986,0.2932237717737144,57.175278966672714,38.0,59.95390758786207
2545.4363981163438,67.41709142039647,2.5733874595562103,0.16778447155877257,66.98049961098583,27.955065744232634,2.895283056614278
2599.663209005746,54.17884009994181,2.4456092285827586,0.22356494420296563,64.2832184267915,38.0,3.413198983617388
1201.4328285818206,94.24752487038626,2.5421897583330777,0.14937051296581955,79.80126170846682,31.689731975362534,2.382062029977261
1184.6337483957927,107.6806049046327,2.4126501925015855,0.31522154213024844,86.47146848090034,38.0,65.21399319043267
3033.393867314968,43.2202991951939,2.4246374014400005,0.3057669041421037,57.29211818162105,38.0,21.103615033713012
1814.4298457973634,75.97061507381444,2.478873725220838,0.32553741710225026,89.01134740621538,38.0,19.088998825384476
1592.1819910961613,111.3990151749861,2.617586773674621,0.3193692453060648,89.43070779818419,38.0,94.33861017804823
2023.7433043085266,99.9694895138294,2.4213156616358096,0.3398990655148737,68.69076297152091,38.0,53.64995515398191
2424.5876893562395,119.34461731981025,2.437895892148731,0.1570840579079815,81.36016263881288,35.75583458119809,39.530782809751024
3097.933491208031,82.5131049277795,2.4708986335873884,0.3329560726988289,71.10452126813797,38.0,7.964267131217971
1558.8263218287266,92.7996575040921,2.5318818117839768,0.2428032978379994,61.16763528758526,38.0,80.98364552645037
3027.0593874176625,64.19842249103425,2.2323326509688055,0.20562377097953805,76.14649674252442,38.0,18.251261230356892
957.1768301883895,115.80284797327938,2.4320593473348873,0.24009347399196823,58.454386980063866,37.38689810694385,20.3452054665492
2176.955497351697,69.3068390845229,2.4167162151427197,0.18565058916256943,90.1388862158395,34.541862232339824,4.3500131225878285
2358.142756866496,99.08085701493029,2.6147582429069067,0.172138251740238,91.97159037638434,33.158511299294815,12.694540064952669
1143.5640286267326,72.25121632952656,2.4220779611963534,0.1603285844943822,87.86452548045614,34.406763189844426,2.0026842125740476
1222.781073246999,84.94551440503994,2.410744240612449,0.12060699736428171,77.50112483023915,28.503732425437505,6.602539854543297
1863.9629344274988,97.5826028017237,2.632989994840616,0.22414122428679684,77.3039436450182,34.141932084109314,5.455647264022402
3122.333397929318,80.71473214010834,2.4027594086203967,0.3219404189284718,94.38429506403719,38.0,21.648643822984187
2270.897872439057,112.56690615276068,2.2813979936449407,0.25753799231859614,64.91606759324732,38.0,18.965667446213153
3045.953409680486,73.54407903422482,2.297612255262605,0.23024390818894336,58.0379346362083,38.0,11.371194363338793
2750.030105909833,91.76574385146601,2.2428343922516385,0.2071482295627291,77.4776369440471,38.0,10.695657696866007
1974.9776835771704,67.38899466400433,2.200255658166525,0.21610040657929797,68.15142391240413,38.0,11.032696122088709
2704.955933280031,72.65253345848105,2.394375547450217,0.15231933689298774,67.89355091232177,29.387837149462335,15.836226665907331
941.0246031470718,75.20400865868419,2.5461591615841996,0.3057339692982743,55.283414166797925,38.0,44.29991967288339
1151.0311925611904,50.064561464982816,2.530059899259926,0.14959574082038202,78.84957638191732,35.150496028783735,7.6757151239684225
2807.6858142302935,47.33789432472054,2.214467089511283,0.2791556891818282,65.56134809102457,38.0,8.50844432995245
2732.679303147872,93.39919385174063,2.456492306617315,0.28999625287403813,62.51434192770724,38.0,40.055666965646125
1435.0737065227975,92.44141906744417,2.269427406436064,0.24371726050693354,56.61727725572015,38.0,49.547413766041984
2120.7700583778233,93.03277713680762,2.6234843281441136,0.3157315937387071,69.57446305902445,38.0,10.323471979241233
2293.836387610025,41.581315627415336,2.2753142498398806,0.17276258811266249,90.15875489545829,38.0,7.337479845593264
2895.7995936848256,66.1237474137424,2.4819876479638667,0.3204043053107158,68.46683230389489,38.0,2.8268619418960568
2287.1464618790687,55.824787780735754,2.3468072629738255,0.282352614899826,82.16296840478375,38.0,25.100596413096934
1848.9146093294648,102.25211380352098,2.4887025966839587,0.2996874569404402,85.2618785360763,38.0,126.11751376133314
1760.6232998365203,108.85043211169041,2.385516368408834,0.2661449273818285,68.12403236760798,38.0,28.762880405809405
1879.528798659073,59.734430178091785,2.5418393735378775,0.31158575424749235,87.86562940048165,38.0,1.968438713252756
2399.4413588339403,93.4279327078389,2.3038056063975363,0.34827471567940893,82.67518638667796,38.0,33.153939640215995
2895.2284530303473,50.34902427666196,2.607606333811417,0.20504071363115967,77.36968914803806,33.6607729513182,2.2009749141005224
1943.9628287754895,62.01220204813707,2.4250943421910085,0.3034789209273926,55.03969856202516,38.0,6.666921043593669
1470.0309947881237,51.09235969867356,2.5402419164707837,0.2861449398795084,56.403630636912325,37.49492853937857,14.212995278723
1444.3234348944366,62.681661327938336,2.5823785861305524,0.21321754142800448,94.63463376424254,35.19022113501508,8.99213283869258
2615.832844559927,93.97892378794224,2.6494728749296623,0.331737249933128,86.29135694014238,38.0,13.835450947368763
2778.108155874994,112.8261528148202,2.3007755495172812,0.19860648239314865,92.50261035091788,38.0,17.18886699576407
1142.1395836644874,56.20179263393488,2.3291015861035547,0.24136647906905936,91.09212819672109,38.0,11.31506258409577
1053.0853709969097,83.36632279605753,2.3126948890293497,0.1264855892477404,55.81771932571003,31.268666727775525,4.0966070676875175
2267.1974266398393,96.11128809947459,2.3182920994719023,0.15644379851656656,86.67389159164296,33.79147555455443,4.426501307662942
1236.198461643206,116.23379747884526,2.46210013369272,0.3101740426334402,73.04582976044618,38.0,23.630519332616636
2796.727638049585,88.8048386309739,2.6470851354156295,0.19913818070721184,86.58232816002624,32.25553993478012,9.709210628205769
1613.7697500253712,60.40855448219045,2.6456251391917394,0.19852102235381452,55.2686313665354,33.64748664911764,4.745219297712691
1230.9054458336282,90.0382525531149,2.4370479541130385,0.16149525454765506,66.52797204802258,35.11381709539653,3.8330563837531826
3018.2320867211356,65.6392929342413,2.4875622446191032,0.2229025835743636,85.05295103165209,37.33420709316618,24.248308988808674
1280.7229622911398,118.09027125533662,2.5869867446657224,0.30145424033765555,86.72083154406359,38.0,3.5167230429932923
1554.8561893772517,71.97409081309095,2.619820056304077,0.32379102944343485,79.78858404858497,38.0,9.540363501154575
1253.3108089417349,94.83421766088114,2.291737282298295,0.11752860801104598,67.05024757785056,32.6764641911784,5.357433334427501
1165.6271464303163,41.85820658774068,2.437843778024104,0.24370518281002884,67.41450365151452,38.0,8.845619621746918
948.640437573812,72.00491569078042,2.5747766745976803,0.21681834197308364,93.6705585456813,35.19266474823187,13.68067389034718
1027.4094410777982,110.00860906580093,2.3364409344855663,0.25357046261789457,72.56848716936818,38.0,68.30249299355421
1301.675383152461,88.81819555465967,2.39791406911621,0.2118189217270673,72.88502200975348,36.70099303566698,8.516739647084858
1022.7784450425033,75.51543091167811,2.6435294956804034,0.1996612052133538,77.09331000962798,34.1559113489502,12.599144583747599
2259.630777055234,114.87499995485807,2.6432710135243918,0.21797017810737235,71.38009347457555,32.806224350208026,15.274680676771771
2465.6434116388646,108.31875009177833,2.6077480648443316,0.2454997821891035,77.10686258389657,32.21396784528665,2.6453854990688894
1805.350050713665,65.77725390583507,2.559301755172626,0.22524580275794417,72.29341691070232,38.0,56.41662743706113
1631.3795229897137,83.56387216330717,2.3211087253252627,0.21803611275516155,88.06859678408748,38.0,5.308107171733457
2060.410345151129,79.18594048739702,2.3443825333302346,0.30445882748952013,91.36204079193135,38.0,21.893317192452127
2912.5113671395998,90.576200009189,2.4462772785421936,0.2864119978094644,92.28441039261446,38.0,26.369116596386196
2857.602741691074,66.72890135670045,2.4523498185529053,0.18534462354529818,77.57184823317546,34.16648574907691,8.35522379738708
999.9926426294214,59.53640006127106,2.4274762687106803,0.3001442793788301,72.68594229857982,38.0,7.297755211404823
1317.4463420720053,113.01374682044289,2.4865016259623376,0.31341266725112504,83.20960235167351,38.0,56.7085316744762
1444.5132035401107,113.90995995988051,2.383745360184845,0.13837305134354763,88.53294365183626,35.67443133686576,5.78577122703429
1473.5914244140872,107.46583086095832,2.53712837079199,0.24567061543268967,77.51928968265509,38.0,24.927950341977144
2213.8350990083773,118.2563544611649,2.35009746691526,0.17132799839980345,82.99924087289045,38.0,20.356105774764856
1857.4035791173424,99.59932206237508,2.3488046486258587,0.2847930804816806,84.98917402884992,38.0,13.174686714776133
1013.2844758334662,101.17337828495997,2.2572516828513227,0.15969633233967082,82.05575106869148,38.0,33.07110848109292
1759.3125184570147,101.00720735701125,2.2849204945130137,0.26785088104325794,84.84534222917239,38.0,55.61284959110378
2104.6317820505656,78.44861047538453,2.5827343955146107,0.16378116401440845,63.34581330223993,30.596603275242252,3.541698572588183
1133.8453766785467,76.51617556114174,2.4008270523611985,0.22778594085748577,74.9349818808719,35.76748736342859,19.457717843864824
2816.954673713687,59.21810209192025,2.302540503948775,0.337161616979048,78.53074218420349,38.0,11.250039560618006
1019.5122928697398,91.58553554874324,2.5417034950100743,0.19532688461410863,55.099117234280925,34.30900614749585,5.27058038571913
3027.1362987415428,63.145610888186766,2.4492915066175867,0.3189346214908019,89.23850035254728,38.0,9.438036541311071
1127.9602256337137,60.624672776188355,2.2095202051404823,0.34673614530097363,79.40098033779648,38.0,8.713192729767874
2840.2223886748316,86.87690992768438,2.342362655801522,0.3187127122012908,60.16545326792813,38.0,10.260872945986012
2976.1022310335193,72.79859105800345,2.2796506350046037,0.14146650743083572,87.65428290303308,38.0,19.604589520007927
3153.012565349163,57.508528703570576,2.495142787442278,0.3049145548837907,83.6822786576218,38.0,12.653025850742297
2744.6595246292654,105.28448134022649,2.3237639682836138,0.10803734877514032,85.33198173854548,31.687290313079906,2.5331375821602338
2692.798343774057,108.84559354355008,2.229226050644475,0.19832547092482694,70.68169847447425,38.0,7.124110548492202
2377.7115347897598,53.41596157422248,2.2247207451389515,0.3176833433294659,89.16810026779969,38.0,13.676256933450858
2691.6916155296967,40.60056262399999,2.4617772840814216,0.27218805318997996,71.5611032852945,38.0,3.976072098622526
1209.4700793502384,66.8903974823499,2.2097755550668405,0.2331851068344695,77.82036611782365,38.0,15.879527807880196
2132.956482679566,103.8008668544602,2.58195645091124,0.19696600627065514,55.025692147994945,32.64917841279158,19.46146260420407
2082.7126014379533,107.13390929874595,2.2699287036657743,0.3030742366175715,80.7949245871145,38.0,9.380754736197774
2872.4159314818826,51.066325609283936,2.4729548508379433,0.27738960098705523,83.72703168511747,38.0,2.981896503559779
1964.4385408650865,101.94687209464409,2.400109612604836,0.21710132990391834,77.68437461955169,38.0,91.54319493387108
1785.705841030813,49.256333384754356,2.3992831845543563,0.32312108430241493,74.86235268174464,38.0,11.942642750588558
2370.995523845353,71.20500721252233,2.232308714062021,0.1574870044546581,87.39745894846834,38.0,9.614037856027089
1512.865630251946,119.88876120095327,2.561238512595497,0.14259787728965623,82.25490868660967,31.794607986970618,5.726028301923493
1221.4673451941007,55.40726585847278,2.6018736181389635,0.26070094108339537,66.12296158880092,38.0,6.677345217388751
1999.1177302546153,52.31708660621011,2.204957500322903,0.34299858567544256,93.36293352319943,38.0,3.6461654811255846
1858.8455477682355,73.82402660374348,2.2803718790637033,0.16181414332669258,83.29068776781364,36.82951361167502,23.87000041618593
1434.9108632164096,89.57348207758892,2.6067568849579654,0.16241759473345663,94.51755715649699,33.20050238559631,4.664016947644363
1745.2771632647946,114.63206259306025,2.4472721257600263,0.13487471199054749,93.85045265075473,32.546829537330254,30.065724544407747
1742.702634600369,118.46569164264274,2.267517810211695,0.315140888818408,91.7563889124036,38.0,23.308021564264116
1653.2397981488546,45.57125092731157,2.2912557036741217,0.15659938510283353,85.2148616490123,34.10834812649439,1.9363408694518878
1772.7673833719366,51.039801387832426,2.4969938099067015,0.22579463168122194,79.3771747398787,35.414680511913126,4.346508078320609
2477.2096945486746,103.25903791167951,2.526167570011093,0.3477181195005511,61.88682654731697,38.0,2.935039370071071
1582.815891513956,61.650572181668835,2.469742063860971,0.1030352252305109,76.7340566969503,29.038328300810562,2.418903576629131
3082.373231445283,110.78792476050884,2.6289167709606365,0.2391215226276985,85.6150608957731,38.0,24.36473438261323
3007.6004449378092,93.07626057832694,2.4223286216477997,0.22807226067623643,75.83428634822272,37.632335681615686,36.94311770365314
2006.0939850901807,48.94758419045417,2.335122360464137,0.3018618441025387,89.72956513622631,38.0,1.956022962046397
1655.2307715107843,106.60234279392057,2.4147548094891085,0.18882038488819425,59.38623596766793,38.0,65.9890640537715
2131.500016609007,54.10851040064607,2.361849832149975,0.2025853397247604,70.23761392194537,38.0,19.058022548788212
2851.6891241793364,73.8796315743723,2.300987151703609,0.14198449514971592,75.2385767437463,33.25054963773864,18.063037124878626
2400.9508832882348,84.1747942847464,2.220683462203063,0.2852038079089466,72.29301183476431,38.0,16.403853146960675
2750.101204278278,80.06129192642226,2.358495622104306,0.29617722729703705,59.343461912862125,38.0,35.92148046545133
2125.2612349512024,94.89303324921204,2.520134206469384,0.13416583019470757,61.14113176178522,30.687324708394666,1.9602956823654083
2355.710547315528,92.21493878954041,2.2082970112938374,0.19836426849708044,88.50469171421949,38.0,35.260312593790765
1562.757912619662,119.36336044224439,2.3976303309426705,0.32322624884067075,74.37537036805804,38.0,17.57923277196408
2590.254273313669,119.95375273793502,2.4898042306524406,0.1006768184189468,56.948897070109105,27.118169778084226,1.5132520294363692
1365.5305641891523,81.31675221085128,2.474681849128438,0.17468976765565808,55.659650359105996,35.249258869095684,4.212432522926808
2498.035696282546,47.61592695686912,2.549491796149922,0.2387605712631369,73.93901607977307,36.848479630816534,7.28210418906919
2879.6538571495566,98.22746391749746,2.564733872046909,0.18352346491498833,61.57514903697775,29.821417380875005,3.053614471483977
1203.8365257935511,118.13312625732713,2.5202676194137243,0.16801129729441733,83.20503783996887,29.27697327789224,10.618883975120072
2313.0734032464156,65.46611101032163,2.2462589632651375,0.21500937122580316,86.81293850111005,38.0,2.823876789744891
1118.7202209288496,76.89671086700591,2.413760099801962,0.14538077702742344,64.13186833828422,33.484097004291726,1.301896132839225
2569.145945024282,73.98215398523647,2.471532680869424,0.23240631023987093,78.68707779527122,38.0,42.873884517949975
1094.3344032940965,44.113532364554345,2.3105047174642532,0.2766739803283065,61.17778573941544,38.0,16.952677653439327
3052.6615922114397,93.78115449787558,2.2191483179410496,0.24382373815712552,67.14330606377548,38.0,8.769914178268802
1216.038239086945,68.26701560547743,2.300615644394221,0.12327733271463273,90.55181976725734,32.60873933291529,5.341927664829706
3105.424565590885,102.99710997052017,2.4047024807796875,0.31110215354139326,76.76392365929243,38.0,55.05596140552957
2742.0336049957223,106.56960602255889,2.3862686435745704,0.14374445937187205,90.43554780576801,32.8511025908346,15.8071743114072
2265.4686102726146,105.69846292782763,2.279500141597223,0.2912030001527821,64.00991216718027,38.0,28.672514899337266
2700.035440647958,73.33327984319041,2.570986994207572,0.1901412776939626,68.20097372994664,33.51254193507678,16.43796694000013
2728.7641296610973,65.72365457927197,2.616559000931526,0.2956903370140256,73.83808553827268,34.94378470775893,4.13147186752826
3075.86224447986,99.90566237336438,2.290606743573722,0.15156822585133645,74.20320300778172,34.71875170922477,13.818801411159617
1482.7817138301307,104.11115470741784,2.61830781200525,0.14666552592385745,94.90591868734802,30.027248333523932,6.738288441519092
2257.174559324111,79.30059571130928,2.2080374316288314,0.22425646155437057,59.577812758845205,38.0,12.55850807019213
1118.6131543981228,111.44248156290425,2.6162331127181253,0.10823400367459013,89.07860142406363,27.3516803758533,3.7130051347429185
2317.1811100554787,51.51269568628466,2.6283679555364086,0.15632433469558335,89.54728157687481,31.851400225073252,3.691505029677801
1293.9699994134144,110.32550237271681,2.2054233383571664,0.281003063046087,77.1279452615115,38.0,28.486995211643503
2199.3864063866163,47.687618637750504,2.5433586835495365,0.30934586957635635,68.76148673036616,38.0,3.7544927861489557
2216.590182277854,52.28204176436911,2.6365907076564294,0.12019634098445262,75.76904417153185,27.76241966233515,3.4854132587074274
1971.7658518568228,82.70720106191683,2.607655998468,0.3205194273595261,66.69870819226256,38.0,7.584427177519954
2102.0530836801827,45.4014784149932,2.636819572538296,0.29937930101329474,86.96429793759758,38.0,7.027973604746633
2657.023797015152,44.224568112008825,2.4476455775639376,0.31742107392674135,74.9311663484132,38.0,6.463211672328027
2738.262847977753,40.04149953325644,2.235170262948425,0.27460713864471,92.03368715509802,38.0,10.131371971620904
2031.952395823487,74.90533277554105,2.582405139012266,0.26853826682349113,79.90765377424175,36.279867513172796,1.9821978879207398
2279.0649155020083,101.96991050337839,2.476222715114055,0.23127330833621593,75.57277332458733,38.0,48.70546783307873
3041.8433420872343,42.78706802239326,2.47663153488473,0.2631968061228287,83.4427741591061,38.0,4.627537241076008
1175.3872535525825,92.18060851726844,2.387764124436409,0.32977741614165124,75.15731857720937,38.0,53.019059713981086
1169.3382015702541,105.85018539329492,2.457328889434499,0.1251305003541771,91.1802540167779,26.96845685681136,2.9324845963191684
1101.7307273947674,53.44006788622969,2.2691109005887515,0.1789411194615228,62.37783843547365,36.76424951699275,7.654604462867868
2413.085555593214,51.74909878571234,2.5328965119547675,0.11811374339896796,93.93394734983622,28.548489757274382,9.598694893876994
1862.7990918178727,108.86407788964289,2.233757788308194,0.3362012929860096,87.48762207404768,38.0,21.56970721329601
2680.9392571262397,105.84996879600757,2.5284013451697063,0.21131636649984697,89.42933447459478,36.12063779250613,51.14955450145296
2443.832250609763,83.11534130113495,2.582040290181184,0.2688361176690471,74.31631329484284,37.34183849419777,15.57819747982265
1667.3668441549478,105.53599034351842,2.4126109049040196,0.31028001612608036,88.4880619735039,38.0,35.45557340166947
2966.2430589315322,47.42048619395958,2.429423664725672,0.3477500620191221,67.2709633430882,38.0,9.201304346191165
2653.8239382625006,71.55852143510035,2.3404964228149354,0.14044561444806644,85.47792714256701,33.531926855163796,13.075283694984318
1522.2303640934042,99.02380448850982,2.636256362676514,0.29987815142955715,60.61800633556091,36.95654332130572,10.944915271820463
1737.641640875724,60.59615674591707,2.5299060135517952,0.3218557245341841,67.28207663850034,38.0,5.0159392842592
1623.2119544698046,100.18631315468423,2.3660448489851555,0.11221884421271891,72.82930653438932,25.196908503971148,1.7449075985936133
1262.5067918374993,80.33428835126512,2.2786633238048526,0.28852264004639333,67.89278872573688,38.0,17.28116188338254
1239.9017568470408,100.02127903585864,2.298810816490941,0.18868133029913758,70.48068462496735,38.0,19.181548195193738
3053.0931657642113,77.17437102858636,2.4087650287495226,0.262149197867608,87.80418979134792,38.0,26.66804473628808
1907.1792855571325,69.43234721774542,2.624155780141452,0.22851204900971617,65.26703568568671,38.0,37.334889705791895
1781.6355923880426,57.53513731829059,2.530365855592413,0.16493556302165924,84.81124688618289,29.594011364759936,1.2311712801643957
2578.277129957969,56.670347314801205,2.2968596866806177,0.13380534050099652,57.94848276446607,33.410384091228735,2.7240030395225254
2171.8840500816696,100.11926484571168,2.586802510038504,0.12923680827230208,85.62956430060242,26.689930567479774,1.1656427372677094
3053.1219697284632,49.51282784271684,2.3701902353543565,0.12583071442712293,86.68092971319092,33.548627242781684,22.65359210795494
2694.693435991602,46.87858800887561,2.5832749822386334,0.2594475100336444,71.06795102009929,36.418790631520515,8.53057632330442
2002.5499974864429,54.103309201770415,2.308764819091509,0.18785271284988453,83.89911292669882,35.18598398241562,9.199752938039069
1765.6267890059003,54.027720916313754,2.478397275371343,0.15415835955146812,91.60553614980397,29.738850576575015,0.8807818829490603
3169.252553325941,105.84860982455199,2.6170017196365767,0.27297127317647574,87.02851894218108,38.0,25.490560345735705
2550.84854280838,71.880529877937,2.3160523041165075,0.2717123914416167,70.6178604158784,38.0,20.57221400942784
3087.7477180088345,119.23107658883859,2.511816965763635,0.2347920730892494,74.36854057120257,38.0,26.630751435279304
1172.5007275991952,50.976900623248994,2.6442906789807146,0.33373945421646267,86.17430179143221,38.0,22.09592431620492
2856.2274621387996,92.28318605549147,2.267769229259352,0.1963535578603553,66.70378359396494,38.0,128.05790200350367
2365.2699331797776,75.89836057610005,2.2397810308153034,0.30896574281732325,87.15530961235494,38.0,6.850383660309593
1180.419860170759,71.43345413576591,2.5033878366001674,0.11878485198304908,68.12284570243764,27.940137381503398,1.173671918515679
2252.9933999292075,110.00673592432659,2.3528811764870636,0.2849577735096261,87.23962329542152,38.0,13.57810817939278
2478.021639742532,118.04765166627197,2.2320600148149663,0.34711185345798246,58.47201773402893,38.0,116.56037053190761
928.2961775437865,109.8287167019343,2.413887528047622,0.31164955407195416,56.77589187642361,38.0,63.59955758234586
1944.931312236017,55.38405432281064,2.5391968058397802,0.24491617982751482,94.90701789479289,36.0544131016111,6.598521186531522
2798.4188757515385,57.663833696714725,2.3283050801868352,0.25669151608179014,89.77828492938755,38.0,10.81699308596045
1579.3257582914066,92.48591032760507,2.350771094877311,0.18832238735923668,90.31390013864817,38.0,10.329921315582125
1954.6605881366675,63.126686531055334,2.5805647302911376,0.26987130456452596,93.0511979042647,38.0,23.797043115427375
1917.3224922561544,98.77801046244639,2.4340323605176697,0.29259884579533174,72.5326523765795,38.0,16.491434920136935
1594.4330003177306,85.31365206477157,2.5792293859629125,0.34955712027946345,66.47342218720608,38.0,14.17367361196015
3012.4163596857748,84.07270147923224,2.4008752714646695,0.22311572925010825,60.20099980071612,33.5336728989744,13.583607834927886
2696.9762814924866,106.28375398710287,2.6288388227020465,0.11532601644336057,75.04836534153858,25.59440732479504,2.992818062608629
1154.3533452910542,96.84262173941423,2.4928575653729816,0.2489644876827463,63.80193281906431,38.0,17.885573741021787
3193.179713026418,42.12622119978334,2.2521544893936625,0.12975603749554215,92.42203426957279,36.08336615682345,5.84180051296277
2922.1600559078142,43.95673097168125,2.5982918447020604,0.16119126088902752,55.16012649771116,29.875865285526398,4.1815646202462915
1552.9894070872897,88.12467619648126,2.420169335873859,0.1821949778264343,60.72786950972486,35.628461590390216,47.34371106057751
2824.862133220158,78.89536604978204,2.2637375355878073,0.28275746828710263,64.85903412333707,38.0,24.893336493159456
1144.7649233041807,60.81477242743931,2.2687105602286395,0.14595203096962514,62.958268463727805,38.0,21.265625316738966
3197.940880090749,73.49248698518413,2.509390270799442,0.14143823671058814,64.03113746318841,28.69446315158522,2.670566487172683
2431.0748930450345,100.63282549862885,2.2213176280282707,0.11124106062470687,81.24190420244713,32.95161365908314,5.8069262184404
2395.287535785233,106.12891877263439,2.328967194211216,0.3183099840884702,68.10048313252597,38.0,43.44367253553276
1108.0136720635053,84.89784543120354,2.2629044157114406,0.2733763560890151,79.60097527613493,38.0,19.912099422099537
2963.176817462238,70.82955846856824,2.398484843327778,0.10998661640440663,90.61031734585166,30.74290193711186,1.320442749681327
966.6988573702797,61.65574091960856,2.3864591973974627,0.10707307640952865,79.10227062102808,26.85401522909347,1.4394700232646946
1453.9045334946381,81.75347766154027,2.4348443956099852,0.239668574118764,82.78131165145525,38.0,15.311363361625972
1228.9503128832605,65.17996948515048,2.325836348096139,0.17063360032167774,69.62013192885429,34.95984287165301,4.897433001741301
2686.5662635921026,85.12761096377784,2.21441961522018,0.24918158760798217,61.38953870490837,38.0,57.49477063842231
1355.8697225896651,94.13219060077101,2.4764737479408336,0.2086510439202413,67.82336249799624,38.0,30.26921706208827
2994.467922401036,45.28633687355159,2.3681731012970584,0.3308281405775636,93.57130594816432,38.0,25.28726828651207
2409.4187904532273,40.08539720181978,2.493100749433021,0.17195225374034195,79.87245537812548,34.351340090193936,5.217660599341125
983.1742341378012,56.98217110725943,2.248900136861921,0.26978634210972335,66.10044477736061,38.0,11.074984105456664
912.4886184960111,111.56091981750248,2.206199809882323,0.1135135779046498,73.03661068648415,38.0,13.325334580940552
1018.8132091331175,91.70326105828474,2.3117324115483817,0.33896513354723135,88.42052149723978,38.0,19.851870115580887
2293.6279085897736,53.75682815496183,2.4054462953473235,0.345189366977088,81.73774282823095,38.0,9.876964645673638
2743.408164976655,111.2211169458895,2.37733238837581,0.28476865725410305,77.42611362916674,38.0,9.360069558184367
1448.6714874429936,77.59647522298721,2.56463614987306,0.2163031178908933,90.40651506535364,36.02037233014216,7.1344952060625815
2853.6403387230675,78.08734053429285,2.370026939886771,0.15499835983181534,81.89758288867161,32.71561397131654,5.030866497978339
1031.633462352499,114.84335550741241,2.4386985308213855,0.30312908506199115,80.70918923164382,38.0,42.020835620815205
2742.2168633758556,44.7589353746672,2.4670820165989866,0.2840885242867556,62.59072548843073,38.0,12.010028063067313
3033.929489396245,57.214261970297486,2.2098241262406155,0.15548850989023727,59.25554732049631,38.0,6.5200755352540485
2675.8493179400753,86.8617060123778,2.431810019580785,0.21280382353931643,93.60568468229596,37.20644308729058,23.09133410678846
2505.6778031508657,55.638920766560325,2.355174066729477,0.21569973445419627,78.95433480401411,35.01100556535896,5.397021279757709
2827.354502907381,94.36216073671662,2.3895760574574645,0.3066026374931773,71.62733636585716,38.0,2.044232446369253
992.3479889582528,57.12738314693762,2.2451293293228627,0.27096117108351914,78.56083283640871,38.0,7.036769965067302
1364.0988546538274,47.93255764790515,2.55226925454189,0.2607918858850138,57.47247844286861,37.25447635260099,18.57461538935066
1187.324462402979,56.55881277126718,2.624081912863835,0.26245685564081955,87.88509095616428,35.28500550429929,1.7131242890534166
2060.4212774438693,73.81872274176499,2.2100209692833204,0.16761751984561973,63.66582142257344,38.0,15.48787026470397
2613.9326951563426,54.09106393384639,2.4706177432651066,0.19292781495738348,87.18184025271788,32.972183375193396,15.689993826242773
2349.027242525717,50.77536199386778,2.5437298302797613,0.11141557135917654,76.37513773054442,21.09972782742007,0.32882839319682994
2857.6015294524504,108.82255089751527,2.32816341489245,0.29673528395303095,66.0628805462761,38.0,26.998061688081947
1256.989882614509,65.63177628778462,2.5544000131884474,0.20824955379245347,56.20839792968282,35.50472658504312,2.8443260656449083
2589.628511450872,68.8606949214603,2.4845597728448356,0.2095595892718934,87.63333421306423,35.66640765448275,32.89008491729715
1343.9954289984794,44.42163276009821,2.6181231845219815,0.16133906623340669,62.058405658772266,25.884520901081643,1.0917497614718883
1522.7451280309406,68.58956988016433,2.6414521651091976,0.15235682036485723,57.072204625594935,27.63476536389676,2.508820152116436
2532.780803746999,61.184574185726376,2.2190557512994173,0.2469554823922573,85.23510923303523,38.0,33.37964829450969
3154.471005266968,88.83880538734309,2.400221992462153,0.15813825380091895,69.00172889491915,31.72902760825681,11.568040856225773
2306.55029374726,56.431223813792535,2.4461445044101984,0.11605221289136611,70.573360223666,27.834405585020612,0.9848909007451492
1025.3507244799798,111.06923624502724,2.2660344549434437,0.29187685399522456,64.88270349122877,38.0,16.672726134601707
2317.510630833325,114.37332967356441,2.351328623692313,0.19411735860159146,89.36713914787589,37.57818671235778,41.56096892295459
997.4062686343843,47.98648457414322,2.644441351490408,0.19505889597482612,66.89318104426128,29.632641017193695,1.3795402575626654
2933.5351361436797,48.59223650308618,2.2073037053541125,0.20782957037894784,63.40770279004096,38.0,1.6132539338266927
2532.0300557314276,49.22611504887904,2.403628569185973,0.30376120585202343,67.36998905344625,38.0,8.6134004931414
1298.1940467717575,89.56554050482495,2.5791945797731883,0.18020922398495426,63.125983006695876,32.14977181666871,2.2332323989297933
1110.9583133956555,49.757517136769835,2.3457555682236797,0.289509052814459,67.7062088322083,38.0,33.40094473316663
1322.1264264247336,108.19058543442131,2.4159093262398192,0.3348862101948858,58.317448914726924,38.0,30.718524871912564
3154.0625129746427,100.3417211950314,2.640120585604591,0.2652170489811998,61.34120116477833,31.000098461304038,3.5969085152196687
1954.6894776545266,105.58470865904192,2.4136945764140667,0.20792027029425614,71.68211533584591,38.0,14.45960149914125
2703.3861811852385,82.08484215088167,2.258914590465925,0.2869474307866662,90.17867422359505,38.0,3.59244048024998
2363.7391868478867,119.73417692153228,2.223274671249876,0.21447434243784635,57.291629868891434,38.0,13.585066072496069
2216.550244904866,43.5340082355329,2.6254374575979766,0.2036068177770352,63.50698827040122,31.59189360104343,6.537590876065176
1233.7995857296144,72.10119713488908,2.3196142359737797,0.23132079089317079,91.33382702166385,38.0,82.78177380493248
3075.8562431836185,65.91493351501089,2.426828757954048,0.17943058370232345,90.60058696639686,31.40471426790826,7.5838240147411415
1593.0880547838512,115.89163989701129,2.240815794740486,0.1260625540700003,82.17803333183765,34.517359664148174,16.260481706528665
2229.439596357347,86.14887667980743,2.3906448042477724,0.2037130013815413,64.61894216380952,35.363751248447606,8.193469084041523
2509.4846725548523,104.49527723557802,2.6185474836625557,0.1309642202823255,71.79242244223143,30.734147958632583,3.569267029160417
2393.2362570642103,53.62729549268151,2.426085847133922,0.20261036838886165,63.4488397775186,38.0,51.27863177060304
3063.367142299692,118.29073151203511,2.6370108183110474,0.23923343030336255,60.14354036500813,28.96421208365723,6.423306597961106
1241.4096768161335,79.89116375010522,2.31647603675683,0.33267779530141167,70.19993578055566,38.0,87.01612722940902
2069.2112984279665,79.49376610165166,2.427045357866772,0.1090555827613259,78.03286420281401,29.33141426998841,11.936608667109624
1829.2790987037617,117.67077828365902,2.5867888563141963,0.255364601625486,69.39730701859222,35.92763758228481,5.584986221961811
1990.5880778100218,70.45858889737161,2.4017135595491848,0.21443379666251933,79.4329820186388,35.45760742722216,5.159622079631064
1174.2003102548126,71.80200196439944,2.3257693181065853,0.1050652820510348,66.85018941517222,36.91149141247377,6.668906386376303
1208.4176027073604,86.78021622439493,2.5849639135380467,0.1623870439846801,68.8340211104316,30.50459752356819,5.030571534268793
1539.573755296892,50.24420884382295,2.375450260992674,0.1296213130887004,86.62694366578438,33.87390109459574,4.487627066889085
1600.820588649912,65.68685011294839,2.4388254809771053,0.1541985364328612,90.13258923575432,31.23259547976915,45.757276582755736
1884.1773914671048,55.45666579561044,2.6394371798868157,0.16864256086522955,67.88136326124209,30.572346891976395,1.2784620848123813
2305.271358184245,48.262678328563965,2.2839174826401387,0.20032658384554908,77.86063205381105,38.0,10.62284645445068
2359.6469700620046,109.29156850648161,2.3356302865240837,0.23225984837222255,66.12649135569072,38.0,44.679700978848835
1847.1650621468116,87.14649329019808,2.213981320031428,0.10024749848159653,57.1333856682971,36.16829241380401,13.440091138649796
1840.2011516860034,68.6938233222329,2.376326969459524,0.1404673401571852,84.51428725441632,29.456709034362,3.5488154990620844
1400.5456114030126,72.69355018933703,2.290082543763187,0.12339159640220018,61.84013932944601,38.0,5.968501241064276
2253.104371340719,74.52152029498836,2.506015720933551,0.2374183498156859,72.02850094987669,38.0,15.611417217600952
1629.194096029647,90.65193457157676,2.281594656444634,0.18226871760031743,74.48181973516627,38.0,29.12092227761864
982.9376188379365,114.14155131911946,2.5036657385826415,0.2370994340086795,62.378863367164236,35.18111140276272,24.57369214704372
1862.3201015607788,114.6223695725586,2.318563942685193,0.15545582554366946,58.782214026535854,33.9605720944889,24.76220527792266
1990.5051527073917,71.31935836245307,2.35984802535454,0.10605733852189622,68.92052058684283,28.31011052817141,8.844542417260222
1418.8635968696854,66.34099676782157,2.356987293420879,0.3353417253175617,93.09143630201274,38.0,26.22202721612221
2216.653246180866,76.0837200148204,2.5225382875736244,0.1270770302972485,79.60542359953686,28.72151280761536,3.5004894362204526
2201.275370993418,85.43473843427941,2.4099291684122544,0.1317146869904292,70.2564091361161,30.769547674989788,2.12437323726675
2514.6050165538545,76.94543291597986,2.3625845044837073,0.13663670662753513,56.556432830968596,31.04964672904077,3.013261954503796
2390.281509062783,92.70027278533607,2.5836802235677525,0.3453191309983181,79.01093125564327,38.0,16.77765574886645
2400.5960299983726,84.35192187038109,2.457377781538541,0.25441506004249903,58.6903056374149,38.0,21.044393599194375
1627.2925491952992,65.6572437355261,2.296223869575099,0.25257248792596265,76.70176284190106,38.0,8.276400215780944
2711.094110567694,67.65846446101061,2.605041075164657,0.34667455037963235,85.07802033086972,38.0,5.939653302730411
2163.032082279263,70.28742300477847,2.3541926332151384,0.1221096923186637,71.94341393179145,36.51645838266443,4.004810119278493
1892.2618489137471,47.57118145995109,2.2175407198917942,0.34362522313557226,66.97645979266098,38.0,2.3049273223172007
2339.8287061644314,53.285010593117846,2.4225701007885037,0.15100328663851023,56.895369352703945,36.31077739099059,6.106632093016643
1729.511869235585,97.8491041716309,2.255772124498395,0.25576787589050887,55.99111500646387,38.0,6.736121758706681
2079.300262595544,71.1277369217664,2.3073098996720844,0.2050208913256979,72.20106278582085,38.0,6.009494000221459
2594.4230835091066,57.16311780481149,2.5361998927093348,0.19598795336929453,90.33381082811871,33.563965171326565,3.706097571554033
2938.7266394645276,85.01379284598858,2.2588383160193435,0.3328108321198656,64.76251115172761,38.0,5.922966611569728
3018.4315537789407,100.44316339787417,2.563124900959316,0.13730693211006412,77.96222023127285,31.858253784257055,11.655645712525017
2058.355727921128,60.593788987629715,2.621608279658929,0.3492672527690609,82.37223278719047,38.0,20.129286636533188
2096.632763903309,106.14319055389956,2.472939445183575,0.19478126527288714,57.43319470005446,37.16235743929693,14.394980743894967
2739.7019447568237,114.20038877000397,2.519661636410273,0.2621937259721386,61.124015032135084,37.55911791118179,19.488652251397312
1623.2365910116628,87.79156232590725,2.5211139744583377,0.34197668287084004,68.25107173678268,38.0,28.211937831760444
2825.979433393658,93.51581271932636,2.6467635807717,0.1144002625947437,81.80372696594281,22.0586338850906,0.8756541084774186
2036.5257869900738,44.206079225844434,2.3536922179907305,0.3307160907312976,72.56140448912387,38.0,4.362061303279439
1166.4704659711174,115.64159128175251,2.2732854480592164,0.2419528463385858,84.36780272872981,38.0,80.15067748087938
1065.7360382677705,71.3987787411955,2.4336252557114446,0.276099219744363,89.7039146229277,38.0,27.583917071418824
2836.5843853907654,113.91203204363438,2.4399624144242686,0.1372960459715871,85.33489106394171,34.967516429343334,29.482540732400807
1027.8062088858192,86.31820198001941,2.2800606197332653,0.23334685770775804,94.68988829252996,38.0,37.542330904889546
1545.4063031074086,40.36950390746621,2.475899238547363,0.2683784286813109,85.17444274926598,38.0,1.5520598965341934
1668.4990931535553,43.08335994587486,2.206356130064571,0.21406182684692043,89.08716780029802,38.0,23.906132427762806
1297.8872239406658,94.43350445359376,2.6174507811043997,0.13874629452651419,88.29465433860004,25.225890017200904,3.61827921690007
1621.9547505445753,85.01344110655465,2.319058425019568,0.16102976877139416,84.21063049120187,34.193061427280966,21.251780085721325
2608.192903467697,42.12259497648595,2.2178020937755867,0.3135981977483746,87.07207266623561,38.0,10.776739437277909
933.7705401881627,99.47679689779082,2.248712248663686,0.1086177482081907,92.3873291146964,34.81683617067869,14.129168218565729
2802.498876397579,108.17162696553454,2.308112026725839,0.2772155196102031,74.0082951410517,38.0,21.33117562590498
2870.0604542214837,79.71339859514467,2.3232577758727206,0.3498475091286317,80.53148095650174,38.0,21.193745781164125
1756.2016183405608,77.2605952285804,2.214764499773978,0.10187074902669166,75.59758886291091,31.01507516526777,3.802141323189517
1253.30966783946,40.4378487067702,2.325709665487178,0.14026142070498498,89.04147948768292,34.73346049641375,9.090790709168454
2281.932938273686,102.93197699948794,2.286823781422067,0.2685360752232836,72.2543841148603,38.0,6.732804288104175
1175.246878489257,66.45728533968844,2.3703794173455335,0.11499770864633707,87.78907084578933,32.9766392076163,3.551987883286346
1739.314530479981,110.30108958260317,2.3733254818101863,0.2474474959639647,86.97418300228556,38.0,143.9119485860079
3104.3871160722365,69.84484700464424,2.3525534832712958,0.271000025890264,93.47544405474362,38.0,7.936529114916738
3189.5682869423654,85.20623285045644,2.347565747588817,0.24703658702851752,64.95682797029676,38.0,14.391649044253722
2675.841250115547,61.6273430559462,2.2403790749835633,0.1912961757552668,83.3847803954365,38.0,5.5477312945824515
1615.2114728177621,52.84706500679349,2.211342226206773,0.2743205739966597,85.27677990589945,38.0,12.59860632607852
2481.629613082013,101.99263227050623,2.29095143507041,0.2485736070034551,92.45113971218663,38.0,13.12950480961007
2522.434640613229,79.72723830770252,2.5404922423374767,0.15190929302347994,91.27609672222124,27.656187708194047,2.563227883781638
1792.0358988763944,82.91903390018007,2.645864394498005,0.24078388589627742,77.94103446833793,35.20003238984905,21.108522031379184
2374.0438595481664,117.23327627853884,2.617836778775798,0.32047680428473185,78.1661274345592,36.09059275570199,13.171659842265827
924.6735834440553,117.08639297777229,2.426898709991996,0.26670832142261247,61.691649136169175,38.0,59.25227578597434
1380.8326147851553,108.45136973619228,2.4393207351000705,0.21794787684846179,93.99850809695084,35.50014978336665,34.70577150604884
2107.703096824701,55.00874342120269,2.341561706066129,0.1803960257173628,65.20069850813707,37.90209454229757,23.038340804868426
1276.6279997940806,87.5418155441264,2.548272747386945,0.12147155235939322,83.98944873805169,24.73365376041756,2.4036965260641887
1281.5857961160273,110.251793972443,2.544140509569692,0.16115678318975718,86.8318001922125,31.77359414060862,138.23137199397203
2823.4998682655473,69.95711491591501,2.5799225609121,0.10279668827171923,72.64862018445524,25.12824076555843,3.8700855616220933
3175.0059061722927,48.0884932748468,2.6029770597385977,0.3466564793812411,63.44774880116232,38.0,11.439712624528218
2178.729684465431,104.87703217919375,2.3954571617013833,0.155620563032185,62.55841536878747,34.24595085770488,6.755527598346979
2829.860381027941,78.54108410897373,2.545094005648239,0.30371898567134314,89.25984003606368,38.0,14.267831731383408
3177.739827950427,85.15141442873428,2.5628794279581455,0.14216122045124466,75.4302594699406,28.064043426015928,11.089419104717425
1225.6705437081819,118.57154370542756,2.3388068301239877,0.17090028740139346,58.60547928153067,33.607792591268115,63.01659694882419
1930.9649104850075,88.57691443952577,2.6181590098027674,0.2045693298070917,83.68077891051556,33.22325890905833,28.291672642680272
1802.9172464364158,73.99835085328812,2.242453676187845,0.18110141603540125,65.00684211220118,38.0,26.7180103764629
1084.1133523862256,69.59874942777583,2.647421130623477,0.29958770318996525,90.05579003003517,38.0,4.756734626289635
2637.2593974279125,73.40954341232364,2.546540823171491,0.33942335200385576,67.38287144119901,38.0,20.786577246222762
1897.6917628419637,49.4719266542935,2.241971907395947,0.3188236209127121,63.01083320360573,38.0,3.32112009892917
1979.451948637923,103.58004467340575,2.4953033416472503,0.13839446673693914,58.39433774219737,28.750365346586737,1.6616938555027583
1246.5478397704524,107.01734865496329,2.215380734917717,0.2941721690873226,75.4612454655059,38.0,31.611443572367325
1316.1313001309968,62.751770765872706,2.5465841272498824,0.13698672832617786,73.0295035127315,29.668207309179607,4.591012596070992
2986.3383309592946,64.30372947279552,2.559650314746575,0.3283452766405253,85.05248578412571,38.0,24.58169468504075
1002.6929046408414,109.94674050678506,2.4710846138911515,0.22946964391714458,73.58410348772145,38.0,41.074435944394516
1435.5602553705244,41.917628442236435,2.5855871763624565,0.1840952720141767,68.75263875697485,29.899355514474195,3.2685189599974844
1571.7364597234152,81.63659550137822,2.244047476096687,0.1392563743335482,65.46619662531776,38.0,7.386936390008789
2027.4543475236487,77.09405717452009,2.324165728918366,0.10295227204475116,66.12586981879885,33.26398733005701,6.434128509504351
2248.8238979340304,95.21014156627677,2.386379884716702,0.1619867479152212,92.11391607311256,34.949938096763056,3.8079034156772047
2034.566944456533,53.07133601195636,2.2191060787726444,0.328505015820328,61.60314408351249,38.0,1.9203990957622352
1093.4652694808287,93.46645926361231,2.401697239407025,0.2993155480680568,94.52705698228601,38.0,36.894074683186446
1460.4351443281412,70.13872062999012,2.3193460552506546,0.34244842693767985,68.07677820768899,38.0,7.203046645872323
2840.2532849538447,89.49718225357137,2.376730755445789,0.12519038028034327,58.5356094166999,33.03458939385603,17.13062433476373
2366.454011100456,43.207600789822074,2.391296184396538,0.24804468587641734,64.9476152315146,38.0,19.659952245092747
2393.042815308831,76.93817577476075,2.595735280069458,0.16428761850769413,57.336575182184745,34.04438331456456,4.80674601137468
2441.4674873081167,81.78007151858978,2.3216534367374377,0.23573542644310183,86.60119076655664,38.0,26.354176807163746
2654.676943790917,57.14611222839893,2.6021844079223224,0.1801137213908638,75.50211650164422,28.976861924285384,1.42608160352606
1033.649507959329,51.16989233432966,2.391686934165782,0.17086638756083938,68.47946475467204,36.83827528346521,1.7457449821070965
1743.1992853450083,55.07794424098411,2.3475134743122936,0.24346132550614935,81.48198418526249,38.0,11.060680450403977
2140.913101101861,67.53128624506785,2.4261304222008158,0.14582954046738508,80.22586103801281,31.33656382890329,2.9444480756292615
1678.4499115838498,47.74481194439772,2.387984478863278,0.21728335924302922,92.59488356910362,38.0,6.136593304044566
2842.301408560529,115.78558365836835,2.315817540874816,0.2627030662610087,93.45042066993518,38.0,150.5409874911571
2009.916769750776,72.39952491966538,2.42620569615823,0.13204551829570102,82.22735102661622,32.06349776318935,1.5473590482660668
2667.843455756572,104.71756820053992,2.268310779885474,0.332648567719226,87.71263708976674,38.0,34.02087215843111
2859.635688826689,117.95336984870774,2.358368474360335,0.22643117486353118,86.69700401340714,38.0,14.303569344135061
2061.0204106780457,46.45882240021913,2.4546055987183406,0.30488199297108554,74.65214130799599,38.0,17.764871582792363
2991.970160904105,92.13355743479951,2.3860337099754365,0.2634763576552658,83.17833152133667,38.0,25.20689731094515
2250.3850632350554,109.71272693929711,2.5707605624728584,0.2775002353056364,58.130360307342805,37.70172384276439,35.44810363545057
2855.6308873175603,90.73875471733827,2.315524792690825,0.2790327352482095,85.32084332601228,38.0,9.019836630774867
1683.358829860506,74.32208970859301,2.6363972104739544,0.31877497426536816,93.4733202876947,38.0,7.702309184891306
2047.279004622416,74.48610861103506,2.553124909383108,0.253401358761731,58.398990125029535,38.0,30.229192517864167
2122.245394310529,42.871910880588715,2.6354168616988622,0.16955428793034738,88.44463138367418,28.14465370108949,6.805816709306742
1141.4533465609622,82.76806010314203,2.577161449673637,0.1248774107163643,92.31920106597084,31.329847677230305,8.381882225995119
1816.6707654135434,119.4834397429478,2.2639467666332393,0.2515626548625354,64.04755559208249,38.0,15.91366698693157
3009.876646868855,116.69660207775473,2.4369070407857563,0.11658820094264527,75.99244750436816,28.15761676830235,8.379815817870318
2350.9141528389073,43.231938307373056,2.276490334538104,0.16032336292238256,92.11432901851954,35.352119137681136,37.16370992574461
1308.2651396050253,96.46376029035906,2.568202308682266,0.11517679615047793,93.40904018091871,27.20141548915112,4.089377002554476
1679.3679619020913,64.14118933575446,2.4628729671324834,0.23722189725164175,60.11529537409265,35.53009650647604,25.81550178066304
1340.6869222242096,112.23913227249093,2.3185521914606078,0.140084531235717,68.96016902221803,33.846175444535135,8.091519055980351
957.0932031367169,43.609179656742285,2.618319537403227,0.2526018298583683,82.92578564603426,30.671671820470724,2.405250682838443
3033.159054559261,114.86992816088645,2.2518337239914175,0.29771628271581685,63.86233997543721,38.0,49.63719681848047
1930.8768549908043,106.99805950302215,2.4537380815620913,0.30547018019296557,67.99082514537923,38.0,35.89627502189337
1607.3306665678083,49.40035058020812,2.5244682496000266,0.17738587703440684,55.931642400187734,28.813628620835896,1.1064219169472205
2276.4975405827945,44.78594698538394,2.2264818417995946,0.23723863317362398,61.14086723724795,38.0,4.314758230924388
916.823249473936,106.77661314615487,2.4690352149427914,0.24075269002158972,77.49317977670975,35.81666584044599,40.48359346968125
1539.450845181872,52.46061367796635,2.5671555469583924,0.21822179553854165,81.1236026521673,36.65511795099773,20.07178287671087
2516.976971107453,82.79185223806964,2.230387291488124,0.26377847285619116,80.95647324383347,38.0,56.439747643749755
2357.6704780593045,113.25958863029676,2.430509336997982,0.1525217809558834,86.13441883112867,37.04924872133367,107.37416231308524
3158.1536793478317,85.39584908394588,2.316350730166933,0.34481080989669854,71.61125654955165,38.0,19.511182689748683
2326.8227322135012,71.77866411782593,2.4983160031916145,0.12451995677273311,65.93962864964622,26.477078080545656,1.6546458069612677
1998.2635093437855,75.60128438831939,2.25340481518548,0.3073052853007798,55.623228001701,38.0,43.4167292909877
2651.2948953232176,45.04937365630968,2.6216731438017282,0.24852399673779693,63.265193042095476,37.13969409559069,12.87501739842969
2977.654105517322,117.5001857089279,2.602627861771629,0.16121368679842898,67.49551248808149,28.49085671844267,3.0938703855174854
2557.6006774522084,64.85233480648662,2.2836884889440694,0.2864187501650749,62.12827425921862,38.0,5.212501530745496
3115.3858141635733,55.149079333828304,2.3454696479642974,0.121120223919268,55.80577885986409,35.97657628723718,10.75792581806326
2698.611892697808,62.88378414723162,2.4644357385938696,0.29360445861219575,61.297904346607666,38.0,10.023609559934782
2893.643308002431,117.14985559131831,2.5231280514854126,0.24749630556075336,81.6439821427029,38.0,30.75731075719638
1162.4393637223657,47.542884279040564,2.399195206822116,0.1276875795991004,80.18341665890384,34.28799210906795,11.373370827894771
2584.5510568857117,109.3842432400945,2.270331094882439,0.11987639077309256,92.42734557592169,36.7264229167348,40.887122821190694
1912.2040089129478,96.62751155211582,2.2468681722112924,0.2877090833591156,86.92673165589237,38.0,62.874671549642066
2172.138745545933,106.40153433272225,2.6498944016114545,0.1732339766259593,77.71024467364765,28.130972827936812,1.1074974511435005
2404.4355418094206,118.07180322943171,2.4049084546495694,0.32232546269180334,60.50225389972845,38.0,39.19798089169972
3130.5747684228095,107.37237244134975,2.5926392871168242,0.290518255257544,77.56287275700628,37.115919722407966,39.83220449829772
3164.529587292737,115.47058810222823,2.4170692020831015,0.274547561179429,57.46380243656723,38.0,8.901427418237958
1562.924964622182,50.15482054327358,2.615060937345701,0.16965151315836274,72.23539589643411,29.154800494079087,1.2967645347573138
2587.6330441072073,103.6630852133576,2.2394917222471977,0.27723612975540446,70.61034515788782,38.0,12.449011693898566
2624.962137251118,83.65405552648383,2.251308636100548,0.3370369211287085,72.11255237451766,38.0,17.25149767929403
1696.9335810200123,83.47964760638885,2.6183344844759007,0.12288995859264223,66.19303673579148,22.702105269145314,5.330076456370543
1184.9004821877083,111.91372610564109,2.626371870270153,0.18154066050089152,82.43321790495295,29.561027497329324,37.36698221217798
994.1780086571555,117.7443054917369,2.3416228513594137,0.15866806636539854,88.63777869195118,36.387999143771275,12.709069083340456
2687.8891933171108,96.38706584345448,2.3598241991472424,0.19831253360016665,85.7406797039591,36.83096405323765,27.13682588534616
2026.3094061788836,78.63507115774271,2.403602605675641,0.2855831637134866,80.11008383163521,38.0,24.24710077753081
3166.7423898383304,76.51230863214764,2.387272756030281,0.21856064535634662,76.53379197332053,38.0,20.31269226653895
1969.438949245402,70.90731657785454,2.2855203471818184,0.24268265153006155,56.24336720032122,38.0,18.488488384925645
3149.2090518698324,68.927922365813,2.6042689227727185,0.1785387220195856,83.91735994767686,34.97350384792971,10.136278257572515
1846.6248050463378,71.32054733475451,2.3139884203175396,0.13532231677177514,76.7993175831399,31.03268229421603,17.11991805392886
2725.468946287937,47.180258820095624,2.517372584264943,0.1667334122344321,65.82964202655548,31.844183130000154,7.805454018932873
1095.0843263172137,46.19488682083506,2.230220054980738,0.3149200753104967,68.11368155413767,38.0,3.618305483971474
2177.561933316857,102.38958750978495,2.2174380991877936,0.2506042405383526,92.42427145878966,38.0,45.4589163070161
2744.7375100671657,75.68583143361809,2.494178712659614,0.1944971682993084,79.97448980468909,35.45476325076116,19.93658460590322
3026.813834605744,114.45475908356964,2.352557135907967,0.29747649543389687,74.03649738630114,38.0,38.53688643511058
2791.941108420093,88.9776806875162,2.4949567267240007,0.1161143581137272,79.8368695883363,30.137690485784535,13.105642265409386
985.0326725627007,42.81407857475358,2.242309540975974,0.1634727719805964,71.54969299942628,38.0,9.296908156224104
1757.2153850054888,52.60186730539836,2.6274331209621384,0.15752578851433482,73.80729092812065,28.879089489857652,2.5853235670783734
1012.0064863218579,56.46558344104061,2.536831510101893,0.3463411405420555,66.61237026830682,38.0,11.32814653437849
1151.3492695634834,118.05888195117285,2.5943202548616098,0.27652464559819,72.59413202366578,36.1881418142638,4.690893279130651
2453.2029459352134,57.49633809213079,2.26141174932003,0.25444648409713855,82.42368929751642,38.0,9.81366586050586
2540.493851516906,81.26045410304411,2.3440724360017913,0.10124624132361823,56.59767700345877,31.300065415011264,3.2151446064752043
2679.5575703287404,114.89415453121569,2.365754873892855,0.14607750052246435,86.80109629184619,27.519457716848528,2.1392349438388853
2890.5500605280245,118.17541839314859,2.4417276917470683,0.2588853232432695,66.31918163445252,38.0,101.69737586449202
2600.692377495973,58.90883483068357,2.3335908184783367,0.19492983162041644,82.30239173729998,38.0,16.134046717027235
2742.0046618452534,43.92941150000321,2.2272838339852323,0.3310700959197652,80.70901258720241,38.0,7.961491094842763
1012.6165325935423,52.28814660302068,2.3659952713318617,0.29118105478543943,81.10512196565222,38.0,6.034259737638681
1439.4308460149869,45.06627829620464,2.3145471915822773,0.21184601820103,79.32515665023212,38.0,10.572789386206972
2330.3648787630655,55.60993928738691,2.373664581158447,0.28737874438456756,93.3640735227814,38.0,22.48444370218536
2873.6882006370934,85.48557717629883,2.288631794179012,0.34385108095655537,75.33376650781562,38.0,9.004229839857084
910.350287361216,112.99590370365135,2.317853368554131,0.21524520617536763,84.29276462061407,38.0,28.991941476976073
2083.6474868676046,82.97751069554721,2.4821285531945207,0.2606314719721333,83.2179732493831,38.0,33.70104441836686
2457.7610185381136,90.07916453592645,2.374669225560129,0.32966615376532377,64.45070309113322,38.0,4.0089710594040175
968.0967649958104,56.14938012876329,2.3554225269262714,0.16216866550904332,66.33223356747303,36.98441256047843,8.27855433247085
1823.1177823727921,104.046689653908,2.4402575347250677,0.3216394784165696,71.96068392627872,38.0,17.46310790539573
2959.960227182503,89.42311268044665,2.5473372433797667,0.12438617669324567,66.10791721852837,24.532673933688407,1.931219449455481
2444.709460368475,109.13094633541799,2.370490580356581,0.26211204264691157,69.66972395719839,38.0,18.091624948558586
1446.6142357293738,115.90744856046273,2.4643837716501285,0.29570953876394607,70.63842455713224,38.0,34.310591115527465
2861.3965981533993,67.83206206052739,2.6347911814156793,0.25365155481310653,79.15458243753376,36.481096330677396,46.730751671925624
1700.472273841883,47.24632468283515,2.434891051353123,0.22388370103813576,63.79560170940246,38.0,6.67725145784925
2862.6927436313367,58.0743166333426,2.609408909432895,0.2543367749814215,87.17167463506749,37.669591728021565,12.69301540716991
1587.5703975734828,75.02732525406698,2.557152680915392,0.13791592719486115,72.50145427086018,28.799977192261146,16.382427396654357
2257.7365770312426,115.65549214595787,2.2264234067425677,0.1538926775825546,83.24976446732987,30.91535954598607,6.2634505491686125
1812.9621558200183,70.26478578987323,2.3930944921611657,0.16747483598908547,58.257699249632715,35.690075599742485,39.40578200092388
1532.0976167366541,101.6618570932296,2.5142432835408646,0.2494448351575095,73.79861576497467,38.0,23.722360916834948
2939.0823929952994,83.2381353736604,2.64402036060169,0.21047526843626763,56.12878128709313,33.09900103293656,32.09954188637415
1331.46546846083,54.62470163447812,2.406269331022681,0.1611189606214599,82.0363996726226,34.12972258502809,9.742010375227194
1095.0666598422551,65.65872951627613,2.241753454357033,0.32070233303614504,68.74840307988278,38.0,15.58682871864376
1686.431958655019,92.2553508018255,2.4529041286207907,0.19348046007330583,92.97011256423315,36.50763062803602,14.811744492448987
2550.5700395756053,93.82827157479147,2.256953706455782,0.2115079298074728,67.96496858405678,38.0,12.36549962574134
2757.092693745448,74.7807797447237,2.538183802125727,0.20242526913724862,77.55223592070908,36.774905068663955,12.560780756920286
3197.109751153559,58.29164821296917,2.4284546488578003,0.14548573881918817,65.29550302778459,33.43823648468421,10.497508870387433
1581.6327311256794,97.75254236101411,2.5255441157697787,0.2829067538575583,79.80450515789362,38.0,21.748601614298984
1838.266487601949,53.50984332901718,2.5912128220953354,0.21211456556721447,73.68169400532938,27.434860659118858,1.3730963446348414
1214.6889394681405,114.93357534921013,2.4830266077232497,0.10406427747317962,69.82513046022531,26.582911417685395,3.9128978923474502
2222.205438132977,55.03228632291814,2.4755976981639316,0.3410034255899492,63.14757396320719,38.0,22.265123342225113
3194.4340857047096,48.58498902660163,2.539556632947834,0.3039409028988534,59.460853758858214,38.0,23.849892260446794
2512.0263232775146,79.81181618923031,2.5791047506537,0.2808898385229508,59.79516535826693,38.0,9.225541136305218
2268.9895329507553,81.56396784877552,2.5910742038246513,0.3172729676296322,94.96160070022214,38.0,9.517129803898712
1802.4489137201263,80.65543318225959,2.2163935880572976,0.32670181340138754,71.49242907428939,38.0,21.778054852977963
3005.187148656776,74.93339914710717,2.4502856335590053,0.18437242659610964,55.07718831493358,34.32373931690936,27.33790109944873
2042.9081710998037,119.58519142636867,2.297321189408898,0.2527396696041746,93.11715162504058,38.0,82.75193149126066
1209.0439006200413,78.90244901364655,2.5871556508518023,0.2522019523013985,55.79919696919251,38.0,5.66332281890217
1740.370465358007,78.23572645918648,2.4917789583415124,0.16682491720264925,71.74344502218135,36.31374515840161,9.449773155347124
1054.483338349864,73.7412850171649,2.389100115564597,0.1554880628617668,83.69910343882623,30.12877451468368,1.8760018055314884
1364.5517866841976,45.34606037611703,2.2846469026546083,0.12847681370475553,91.58396977487047,33.871843986975996,3.4687114941248227
940.6381962997981,87.43653049196928,2.352560631663922,0.2648285489791132,83.51545165728405,38.0,66.22710065339712
1942.5438079503758,58.23742177785459,2.5166999625431012,0.29522974775769495,73.54503019600047,38.0,3.3727888008472324
2359.4426093891334,91.008718418324,2.2919617953452374,0.29023824487925093,93.97768155936413,38.0,5.265830731086398
1689.5726634714879,44.06667695587817,2.242112325402268,0.1790688442962436,56.572775321330816,38.0,4.193140957138147
1866.8780744621372,118.51096810024013,2.599612941202398,0.15131496261630056,94.47568810152032,30.335342105686973,11.806479112053712
3106.1813275425247,77.52040632101378,2.5438946573110526,0.21340354461365546,88.97566206833756,37.05912792311758,21.456871108908576
2629.5151796223054,111.74042972725587,2.28990771879616,0.23670336506012762,92.15720068505436,38.0,40.46042031312087
2143.970264973388,78.04489385863478,2.3315401945434964,0.3297717819921389,65.19089696390147,38.0,39.43202150522499
1554.444012757198,44.82646548593774,2.6374315797088985,0.3187057885685135,60.69832289137079,38.0,2.0023120727480657
2963.092637177889,105.77708368750456,2.5186830190416027,0.3290145828254569,81.532611174908,38.0,66.39485976116895
1440.723368825517,91.85469837337075,2.474734901896221,0.3125655962839949,75.6343775194448,38.0,15.332191146617419
1648.2882801883572,102.54056380591561,2.3384328184408587,0.3411453011090778,75.92671842977518,38.0,43.28600635595683
2990.8490731727816,74.25358908070987,2.334606314874935,0.21637499929226434,91.98476713932871,38.0,4.907155420612662
2117.9467271556664,91.0349395397316,2.2177856284106037,0.1118683743582736,79.80323626613048,36.860734786533904,16.22802975470721
2607.3312836613463,108.4983203037286,2.527816840105869,0.12089050803711957,67.4425534041836,27.629141364706495,6.091457628685163
2258.713026576662,90.485235429751,2.219428851275598,0.1975690354430858,71.00266225671504,38.0,48.7971824505963
2402.9101807218385,67.81389078687226,2.2021858019997755,0.16442177281824932,60.33983340367405,37.44096152267027,3.2250712591027373
1588.5815704840988,93.002367549296,2.5282727895374406,0.14248514784026683,62.69256161102757,32.88302301474478,9.048861549402984
1455.1557417413246,93.74833508912539,2.6269931907171062,0.3383009436271621,60.73400280838154,38.0,8.514405482973796
1641.7323984879301,116.84695700053,2.54042637147729,0.14885489710265562,87.41165364845418,28.745238409144658,10.56491385251742
1257.5155973918718,69.67298572333354,2.4122380857809707,0.33984481807880773,83.19493871888476,38.0,24.51374553253006
2910.9230401688574,74.00654140113049,2.418720362302393,0.2902097100803017,76.21380070443408,38.0,40.04625570298226
1551.4679464752624,104.96983689496473,2.3962613901920973,0.2602364180313058,69.97471334510283,38.0,16.31166847763318
2191.4256071530845,80.4609851794193,2.34608965019965,0.26900474002234454,81.73977161297401,38.0,33.74559977333457
2721.54117782516,98.92584744925864,2.434771396383628,0.18286858091478098,87.51621390783043,33.97999399324079,35.182112641290914
2702.7954515641413,76.77675715628737,2.3940179307135017,0.2616067595145705,90.24932862686836,38.0,3.97262542519007
1908.2883947436435,57.23961134501604,2.4691755460183487,0.14667302957031633,76.88064912825334,24.5183845274922,1.9432314458714826
1995.391809749469,99.61630742248087,2.6041540362254922,0.33442635813399485,87.79540487278803,38.0,49.2503587347057
3187.814022550557,50.492413534776794,2.6477542377957146,0.1754483349901484,75.4522381365078,35.909055037991,5.333581376830546
2451.5741970517556,55.88669308250465,2.2354344804473127,0.16379662807338552,73.98120356751564,38.0,3.8310938635464344
2773.66841917113,90.1459986227367,2.3731075626976037,0.27779069954853935,89.617274224884,38.0,40.850982263324184
2975.874129204233,99.78158401536558,2.2813177880950644,0.2641121795165454,70.45495745058656,38.0,8.678098644568399
2711.45662332748,111.5750309494252,2.3584542132664903,0.21282472958582632,70.83650716162809,38.0,24.557109430290307
1325.9124933932055,61.806919793271334,2.3293628583467902,0.25811155867269653,67.19645381139665,38.0,10.97518723855891
2192.992687596416,48.85794068804435,2.278541709232055,0.13987326794021404,75.74806913178466,38.0,15.896512050387358
1134.3565618234531,116.48373276181033,2.5438342240395806,0.26833207685048877,76.79400134757843,38.0,18.730476084876482
2401.7208910971963,52.353847041771395,2.423329934273156,0.16765267379879845,81.41844581241827,33.0974844005222,2.4891461291429913
3097.3036848319653,55.81335858037116,2.6136605119977516,0.16820899416911433,72.22009240438283,31.379153410745136,3.7815341344815847
2079.283747890256,63.30635628467726,2.2146665994611565,0.14054498373594615,63.713491675343974,36.09916665678987,19.30319435544201
1895.8367335958646,82.351308322103,2.2301401059093955,0.18309428375904113,89.67368249655503,38.0,104.57261462567861
982.4383282617753,110.62604528272624,2.381473112318655,0.182812765077832,68.84003468952058,32.38542838990004,3.3447982678132133
3107.481401357207,100.84368181838936,2.236124794181817,0.2135447529255673,91.91773679360699,38.0,29.999855355597347
1136.9061734993652,96.65260430741081,2.318228318386675,0.14760487616658738,63.294133321058226,33.412977005776355,4.283926053319288
994.481914601148,54.01444542848029,2.6437133843844807,0.14825188403969158,77.40229904944923,24.082703200604097,2.3685836255235366
1465.9532064613586,68.61461052207794,2.2940318233680763,0.23543464291580707,76.46460374117808,38.0,6.031513338920779
1050.7199980122796,78.27239408693424,2.2891529836354407,0.1322193511676188,88.14591391707981,32.20064767539556,3.5002383081856467
1946.7710375470533,51.794076278846866,2.458138300958069,0.2722242519972088,60.55405547003319,34.02825961153016,3.0909073150658752
2087.0019428913583,61.8743761701338,2.4240992308569207,0.3359867814656491,91.39748691669845,38.0,10.673955326060346
1618.910882765743,64.66665631622755,2.46119723374128,0.20669890541609454,76.25712688688282,35.386315198314456,10.17406418921379
1017.209109922238,50.18209586632314,2.369530875193846,0.32527632828766917,78.44437535657465,38.0,13.513014870670919
1156.6808469732214,84.01917535266061,2.5720430619527264,0.12457914778146612,75.40665173191069,30.842321196527145,5.359166443055506
1784.3600693768346,96.40225572193543,2.262361248149108,0.11073940684391115,56.44099627345066,32.65656196631062,3.1025266848988347
1039.2154369010332,45.5945305181489,2.3927766906286596,0.28034221937845993,74.88362647226393,38.0,15.11754941108174
2505.836368902801,78.48984814105198,2.510392831799839,0.2902553932453741,65.54198650707963,38.0,14.770093781786752
1376.1472455070675,102.5768956214236,2.590706398127305,0.31076456024143784,68.70752721511326,38.0,61.26639709982654
1594.7646082023684,99.83921031619575,2.366307222860541,0.11420441959999536,80.9640639674856,29.608512496066687,3.3388813356460747
1806.4892875096243,105.20584769750033,2.4554855195921887,0.2942267637392076,74.90788517896424,38.0,6.9318734736325025
1858.2021560590401,75.85925065364856,2.231112975253268,0.19413468319914545,58.72872850669842,38.0,14.287784930292258
903.8196276520413,105.64456661118885,2.276643589650323,0.17583440817054963,57.921650990470354,38.0,72.23371873708119
1157.7618532970043,59.260245697141556,2.231112173109752,0.14325598033582423,62.42630782469482,37.03851534014836,10.546486163157967
2884.35849660402,68.86484491340123,2.5275464013993347,0.34900393877563174,62.635405862888945,38.0,10.990927157802933
902.8360437773887,54.10844611342411,2.329626985924963,0.11591589732971591,79.3320302788546,35.2962695150254,3.154895501099581
2068.7849183696126,77.39876315428575,2.525685380586327,0.30675200365199984,62.112578561821714,38.0,62.28857114314576
2025.8546149665785,71.36480179323546,2.2298792255694737,0.2598736088726319,90.26877693099082,38.0,5.89600042472941
1666.116570324467,59.274169313144974,2.5881465101837464,0.2837701110654668,63.39042642453653,38.0,6.02983411193235
1892.052146336834,100.14245673846253,2.575988589149991,0.2779292799804491,58.6452578170553,38.0,36.362323191031535
2695.336616311144,65.10774176893173,2.240017934372627,0.3146086212682956,90.02984065438588,38.0,2.6993219900360073
2834.7685242944,61.82434641166686,2.210690427905734,0.14594801746402708,66.81310304306932,38.0,31.673897296642384
1498.801649855075,50.4712264680396,2.225329965841896,0.10020615420867135,72.01690519334943,32.78459196574015,6.563852894556386
1641.7280142257787,75.1057361441559,2.58413357791603,0.24963212226081652,93.36105536049769,34.359835757439754,16.62513832067828
1457.7105619651652,64.23717030698415,2.305616570073353,0.1884646598308335,92.77476876631096,35.20017534938219,11.837243763397446
2003.68582126745,69.54182730727749,2.446722993036185,0.13094683277928443,83.59667557059672,29.992750473189645,3.158158486250073
2471.49422261527,58.87978100964421,2.3918098914310257,0.14653468852605972,57.75755806930219,35.01502241751852,2.8183035568654957
1424.9816135658673,101.05243918559204,2.557986486802871,0.18293732811480573,78.7336050164559,30.348607757862133,6.078489237903197
1660.6922067261935,114.40026778837739,2.4200042356618017,0.11755834272167581,94.5631174016903,36.83469849435012,11.279720224508068
3039.884620455046,79.83454822311101,2.4252973782975715,0.11422830053211272,92.87664913695922,32.330592319501775,9.375020081664603
1011.7093666480035,91.43987386726661,2.645091372774956,0.329006563708111,59.240099700797714,38.0,37.48797068399546
1959.7700920510024,109.37378212853648,2.267558300537166,0.17802568733842405,70.83869212361475,38.0,89.51035466911772
2536.583495672589,119.90637098669269,2.573816772435669,0.34555767436839624,67.62146983611358,38.0,44.60357223200291
1246.0442265821903,89.08131877838656,2.2232873855217483,0.34109175208259995,60.189124276196225,38.0,39.468618478456705
1008.9602460126083,111.18235732318949,2.4149419463078368,0.13564282058177846,82.79193244995044,25.717086337219996,3.0595266759962017
1217.8723547686207,112.68865972445136,2.5988506707698606,0.2787310757240477,65.95393457440947,37.54508106927075,18.29228479467218
3013.2933451205704,103.31611902460978,2.4993462845218546,0.2502012222817673,68.79463212501192,38.0,35.67090385822427
921.2974981885839,76.87451128584883,2.5083465787147596,0.2726617682762884,58.61435506805672,38.0,10.95798205362512
1333.1405420661092,46.492320033911945,2.3184927770154187,0.1240477500036187,74.91870235114662,34.44986931100895,5.993002213907565
971.9520796737825,41.264444435210706,2.3883586561126546,0.14714001965863951,61.32671454608226,37.05010983033487,2.832735187878256
1154.4477753930676,78.17605066263397,2.364961478574573,0.11915966536272038,72.28361694317957,33.08728496117184,3.4115258290116164
2326.3433592450815,79.54516268276942,2.4346494445710976,0.25103355130426774,60.73368888413206,38.0,26.227358752815892
1455.7694900998972,72.58899102903779,2.4080025685646507,0.3466477689622728,93.15399559800582,38.0,28.25227693336771
2209.1877159905566,85.45338810330917,2.347104258344645,0.26799613441448533,60.7993013278857,38.0,7.9185824981265664
2257.44938036209,84.17301626435417,2.3374662755670266,0.2776903837554824,75.87548615402532,38.0,29.383203219645612
2853.701266106492,106.92904328261544,2.312883801244805,0.34614626038582025,62.8791930127595,38.0,16.942397258972775
910.9052036973101,48.69256826098099,2.3642712610981413,0.269502888542949,58.05447213890437,38.0,9.022301953941861
2862.749756487444,58.014213288443635,2.2674736650703275,0.11004539315711759,63.092344753683925,32.43804694160275,13.511623580455147
2323.97389878204,103.44039831677043,2.592446935901608,0.3167514002141494,57.19096429561744,38.0,46.78899516580561
1274.3100180414026,107.82694937789236,2.4709537263250425,0.19116957259469908,60.57589532483955,33.293294400668614,23.534306157048384
2677.7559927111533,119.58593708966943,2.260203891517235,0.10109090537867885,74.73936631052868,30.26237175583687,43.967335267078376
2867.6305461183474,109.83296131096674,2.5122367003940504,0.22680854439020512,81.07262084230297,33.05448816203027,7.016492938441254
1484.8060126345617,111.19192056578649,2.581449910599088,0.3342537502190659,58.49359260287134,38.0,12.719766041578144
3013.225466076166,65.14783541039239,2.3068910524235164,0.16433267179874578,72.64074495617074,35.80008909825803,4.725482134514901
1945.252089686913,72.13293072075011,2.267770267451769,0.22287829326320996,78.24988091413408,38.0,11.168325863377532
2287.876244966639,61.44680838564408,2.2038777657101885,0.1434442219455977,64.36902704844246,38.0,1.6884249148022168
3164.6939273205803,88.50395185541726,2.2212626524854184,0.11442316791661003,69.88313646064101,36.23537382424167,11.800703530267102
1731.5329808701586,115.10442833656307,2.54301310673658,0.1201362366782783,57.873394789344346,25.60065869455441,2.6441237625080882
2770.2664953862595,67.57127092092942,2.6442338494187623,0.28175272649033883,63.8052432093238,37.37921370508954,21.450185155333255
1632.3179710054571,84.56014255051602,2.2201961451143246,0.31601861768553724,73.6701170367576,38.0,22.899601408573893
2738.1911011554294,63.70397043627881,2.536631931585952,0.13582470981312278,94.61768715701288,30.66762642253918,2.2188185770387934
2281.6880133840777,53.5839979018166,2.232337974628432,0.17207964195261716,94.85060251756533,38.0,15.673221782867984
1397.6180990184234,55.61484238549245,2.46645977120665,0.14875736691120683,94.18486724497151,34.48955956693469,10.287976882587735
1852.2600157152438,44.63562756305039,2.540233877092707,0.10671394423160699,71.9234554520131,26.477975030252722,0.6943081228668931
1630.5619590361919,115.94348184074059,2.361641978770482,0.23835784247174588,58.2272151365866,38.0,20.65329581042886
1079.649304084837,72.23036868061037,2.204920624499799,0.27498054253441184,67.94293748997335,38.0,2.285419001903262
968.6199712293042,106.72967136016865,2.4678352084564414,0.2619693702212676,64.5085750148391,36.28335895422321,8.164723966160343
1696.9009074365163,94.50635781517529,2.6460600826630123,0.1970133868255619,55.56506299639418,31.531835698579826,4.0124997215403315
943.7785399802192,55.35369291288683,2.315927840277323,0.2387525614849763,58.809344411535015,38.0,10.685324239991223
1280.6218424380827,54.036979726327026,2.285271074734247,0.12352482665905617,73.12767740196264,36.04397681963311,3.3457252766313235
2567.921637956998,104.95905612084358,2.2557666517390818,0.13857592968067112,68.58649855217188,37.643552565192344,15.667977278320915
2528.609842072252,61.17693684956299,2.4498650289550254,0.3329486548882458,62.21414886537932,38.0,4.1739741610593555
